,input_compound,target_compound,section,test_mase,train_mase
0,naoh,ACCOA,0,0.17192607705274304,0.0942050969711347
1,naoh,ACO,0,0.7912133981130417,0.22207579542044084
2,naoh,ACP,0,0.139957720351033,0.15523428340670578
3,naoh,AKG,0,0.33172334466350045,0.10051139027413909
4,naoh,BPG,0,1.609115217956644,0.5926076782275594
5,naoh,CIT,0,0.7919918788981795,0.2095232409026429
6,naoh,DAP,0,0.2089258797654566,0.2111851573220663
7,naoh,E4P,0,0.18046941833625474,0.09953783262653278
8,naoh,F6P,0,0.10493064074881626,0.07798207821930946
9,naoh,FDP,0,0.2646040230059658,0.2572497822235434
10,naoh,FUM,0,0.3157421902124711,0.09502341496515261
11,naoh,G6P,0,0.16636195865203893,0.0876180610856462
12,naoh,GAP,0,0.2217290921232708,0.221492820442273
13,naoh,GL6P,0,0.36346694585684164,0.1565043219005885
14,naoh,GLX,0,0.5525674542370638,0.3884349034753891
15,naoh,ICIT,0,1.1441493276349664,0.13253319446167683
16,naoh,KDPG,0,0.23133008173131164,0.1961554582277411
17,naoh,MAL,0,0.30802924669996923,0.09332370919177697
18,naoh,NAD,0,0.41284680032379695,0.10300489597976521
19,naoh,NADH,0,0.4128468003237898,0.10300489597976528
20,naoh,NADP,0,0.40056486268007907,0.10549829576434838
21,naoh,NADPH,0,0.40056486267999364,0.10549829576430829
22,naoh,OAA,0,0.308998649917026,0.09919290152697262
23,naoh,PEP,0,0.1446736005331787,0.07908222310657444
24,naoh,PGA2,0,0.42614217420154066,0.36435107033707675
25,naoh,PGA3,0,0.6645366277696716,0.501641527590132
26,naoh,PGN,0,0.36142322234320884,0.15874066246245697
27,naoh,PYR,0,0.1518709507311228,0.15249776293199
28,naoh,Q,0,0.4000653193593305,0.10355084132601938
29,naoh,QH2,0,0.4000653193587015,0.10355084132603362
30,naoh,R5P,0,0.2990037785672046,0.14911869341179862
31,naoh,RU5P,0,0.29910655526107166,0.1532514841304417
32,naoh,S7P,0,0.24324901642907426,0.12208812860200925
33,naoh,SUC,0,1.0839678068110623,0.4113254524355109
34,naoh,SUCCOA,0,0.6985583169592416,0.21351406125642522
35,naoh,X5P,0,0.2681285117476083,0.1361569650110698
36,naoh,ei,0,0.22849810330582174,0.25453892653157006
37,naoh,eiP,0,0.22849810330790735,0.2545389265326808
38,naoh,eiia,0,0.24098288711188112,0.27439239800111853
39,naoh,eiiaP,0,0.2409828871616956,0.2743923980183975
40,naoh,eiicb,0,0.24102106745521482,0.2744494214618408
41,naoh,eiicbP,0,0.24102106801809764,0.2744494226240007
42,naoh,hpr,0,0.24034952424595568,0.2734580738470209
43,naoh,hprP,0,0.24034952434785994,0.27345807389701304
44,naoh,icd,0,0.3322446368513114,0.33237438506639744
45,naoh,icdP,0,0.3322446368520644,0.3323743850666837
46,naoh,tal,0,0.11840150952291614,0.09006355789752374
47,naoh,talC3,0,0.11840150952263849,0.09006355789754113
48,naoh,tkt,0,0.2131206831498497,0.12762329099784803
49,naoh,tktC2,0,0.21312068314967375,0.12762329099668154
50,naoh,ADP,0,0.23796799623184275,0.2410114863699964
51,naoh,AMP,0,0.11682010422339366,0.12857292255690125
52,naoh,ATP,0,0.731228729592186,0.33339432761801807
53,naoh,CAMP,0,0.19417195011455593,0.08731354924943734
54,naoh,P,0,0.19094027534147232,0.20951456154363057
55,naoh,ASP,0,0.30656432643926107,0.09761842227229207
56,naoh,FAD,0,0.3312459174448389,0.08500640943588564
57,naoh,FADH2,0,0.331245917445725,0.0850064094359043
58,naoh,ACEx,0,0.8746265786136199,0.26060772663509596
59,naoh,GLCx,0,0.8683418222200253,1.0
60,naoh,ACEx_0,0,0.9609896046226098,0.06661610358872429
61,naoh,Hout,0,0.29973321587228746,0.25364907414847315
62,naoh,GLCp,0,0.7012415864657564,1.0
63,naoh,Pp,0,0.31445703239146366,0.2123871628853643
64,naoh,ACEp,0,1.4496215611293073,0.15616254560678203
65,naoh,G3P,0,0.49138345717101284,0.5849399089628906
66,naoh,GLY,0,0.367744722740146,0.10249390963696536
67,naoh,MCOA,0,0.49555791415660916,0.04769507847269302
68,naoh,LGLU,0,0.3162472244299989,0.10714208806010982
69,naoh,BA,0,0.34801874408247974,0.049924367164228926
70,naoh,MCOAp,0,0.3287521215638788,0.04729111086077418
71,naoh,MCOAx,0,0.20253261616627258,0.05379135576608267
72,naoh,BAp,0,0.24122053499084903,0.05226458268881794
73,naoh,BAx,0,0.14681153519951243,0.05523525551660237
74,naoh,GLYp,0,0.42725884474610437,0.11151046967225989
75,naoh,GLYx,0,0.21955806638300937,0.05609477854861514
76,naoh,DAH,0,0.3042560494397316,0.10267582275495313
77,cacl2,ACCOA,1,0.4407178653977569,0.25231368356660494
78,cacl2,ACO,1,0.38750549450169125,0.21153911676190706
79,cacl2,ACP,1,1.0540509654662797,0.36188187508976954
80,cacl2,AKG,1,0.20706280412810757,0.11609128150466
81,cacl2,BPG,1,0.47626878496409936,0.2741826336480704
82,cacl2,CIT,1,0.3923899343019733,0.2077283763349489
83,cacl2,DAP,1,0.2783491793476098,0.1560754062844331
84,cacl2,E4P,1,0.6824619076334396,0.25372329531296056
85,cacl2,F6P,1,0.24381899789064862,0.1409248745679374
86,cacl2,FDP,1,0.31720910862839297,0.16377849956890062
87,cacl2,FUM,1,0.2208865189105526,0.1250343172049596
88,cacl2,G6P,1,0.1778453563493677,0.12574664569888552
89,cacl2,GAP,1,0.2935038871082345,0.1587561049224203
90,cacl2,GL6P,1,0.27200874823861254,0.14699126891716469
91,cacl2,GLX,1,0.39077210834062936,0.18815776904090917
92,cacl2,ICIT,1,0.3894051587939093,0.21882433466173934
93,cacl2,KDPG,1,0.45968295962112016,0.18865964689399625
94,cacl2,MAL,1,0.2349206353368935,0.14373915136010074
95,cacl2,NAD,1,0.7184025650325113,0.5096349679207157
96,cacl2,NADH,1,0.7184025650325249,0.5096349679207136
97,cacl2,NADP,1,0.5412526190131525,0.44199570422335127
98,cacl2,NADPH,1,0.3122048124851578,0.16551075753354688
99,cacl2,OAA,1,0.38568127177403594,0.2447191322546466
100,cacl2,PEP,1,0.38606417934706944,0.1644758150316871
101,cacl2,PGA2,1,0.24952727396288785,0.1182003482500721
102,cacl2,PGA3,1,0.24134091898733248,0.1340833374090812
103,cacl2,PGN,1,0.23845519862543835,0.11656446291479748
104,cacl2,PYR,1,0.3604609713096903,0.2330855564400496
105,cacl2,Q,1,0.4294720448681223,0.28468915331364114
106,cacl2,QH2,1,0.42947204486814533,0.2846891533136254
107,cacl2,R5P,1,0.41584720724209445,0.34194488252310135
108,cacl2,RU5P,1,0.20666487626785027,0.16861722771964918
109,cacl2,S7P,1,0.278700654962826,0.16798680245590564
110,cacl2,SUC,1,0.9454900397267317,0.42866582353090876
111,cacl2,SUCCOA,1,0.3747607531383958,0.2182867085947829
112,cacl2,X5P,1,0.3511585361635672,0.21089133906605106
113,cacl2,ei,1,0.42623740413211825,0.26454569317278637
114,cacl2,eiP,1,0.4262374041324014,0.26454569317296184
115,cacl2,eiia,1,0.4629627050863853,0.2704058952136483
116,cacl2,eiiaP,1,0.46296270508955834,0.27040589521413
117,cacl2,eiicb,1,0.46307294143565353,0.2704296280683976
118,cacl2,eiicbP,1,0.4630729416638493,0.27042962803475346
119,cacl2,hpr,1,0.4609579001859896,0.27011159995107015
120,cacl2,hprP,1,0.4609579001988401,0.27011159995117373
121,cacl2,icd,1,0.24212120798397843,0.12716946020599323
122,cacl2,icdP,1,0.24212120798265158,0.12716946020652542
123,cacl2,tal,1,0.2311125118268237,0.1564829827460905
124,cacl2,talC3,1,0.23111251182681367,0.15648298274614256
125,cacl2,tkt,1,0.278753366399597,0.16036289696587477
126,cacl2,tktC2,1,0.27875336639983095,0.16036289696595807
127,cacl2,ADP,1,0.39207204856956346,0.25449750259181014
128,cacl2,AMP,1,0.27420082520500844,0.14946547951912112
129,cacl2,ATP,1,0.33643859750027844,0.22009152252378728
130,cacl2,CAMP,1,0.3128439322432959,0.17988362931506607
131,cacl2,P,1,0.6167082327940226,0.2847306977723018
132,cacl2,ASP,1,0.3937754737924557,0.24812854449442656
133,cacl2,FAD,1,0.2702398170344042,0.15591278323912341
134,cacl2,FADH2,1,0.27023981703439276,0.15591278323912358
135,cacl2,ACEx,1,0.3293832355503605,0.2269257722527269
136,cacl2,GLCx,1,0.9299965245608932,1.0
137,cacl2,ACEx_0,1,1.4841476705937524,0.1932970442486945
138,cacl2,Hout,1,0.5392726432457471,0.37050185753057074
139,cacl2,GLCp,1,1.352752756401551,1.0
140,cacl2,Pp,1,0.5078890169078705,0.33577606820575745
141,cacl2,ACEp,1,1.0552943500663812,0.21515329130387106
142,cacl2,G3P,1,0.2281217808157513,0.11897779307186396
143,cacl2,GLY,1,0.22982448985718448,0.12637100590940173
144,cacl2,MCOA,1,0.28959037479521055,0.07071796441094004
145,cacl2,LGLU,1,0.4110530334164594,0.164331297360088
146,cacl2,BA,1,0.39070127258851806,0.1451064688093774
147,cacl2,MCOAp,1,0.3491728471236535,0.05658486727491688
148,cacl2,MCOAx,1,0.41445273872824884,0.08900043548558934
149,cacl2,BAp,1,0.40651912285631286,0.11794131668227797
150,cacl2,BAx,1,0.4180051989661275,0.11274937133510451
151,cacl2,GLYp,1,0.23690855651359405,0.11660890789363682
152,cacl2,GLYx,1,0.18180038306635704,0.062189022580914396
153,cacl2,DAH,1,0.4591572167759571,0.26026036253136897
154,naoh,ACCOA,2,0.2823179736236868,0.11814938366984085
155,naoh,ACO,2,0.68248350454467,0.26539212573218596
156,naoh,ACP,2,0.4405989830348925,0.28049883037661966
157,naoh,AKG,2,0.27022884369277805,0.1139321438497359
158,naoh,BPG,2,0.9109929010436509,0.6028255223537924
159,naoh,CIT,2,0.5375482424386367,0.2366267150671126
160,naoh,DAP,2,0.20464997062841125,0.14885269346931018
161,naoh,E4P,2,0.4175243602785107,0.1874185216156166
162,naoh,F6P,2,0.24559398053330733,0.10736729765688212
163,naoh,FDP,2,0.21348478972630924,0.16214376776068604
164,naoh,FUM,2,0.2837463118144216,0.10158048961828779
165,naoh,G6P,2,0.3676802650606032,0.14667732273919387
166,naoh,GAP,2,0.21029619741532543,0.15504794286089058
167,naoh,GL6P,2,0.2848914715929872,0.12923986491430803
168,naoh,GLX,2,0.4828189805856677,0.39320206398125895
169,naoh,ICIT,2,0.7828271339662392,0.30521971017245286
170,naoh,KDPG,2,0.3473972175546513,0.22337604477877768
171,naoh,MAL,2,0.2840130121202129,0.10057077535374111
172,naoh,NAD,2,0.2377124673938707,0.11009610344221181
173,naoh,NADH,2,0.23771246739387206,0.11009610344221123
174,naoh,NADP,2,0.24789371920503478,0.11362792798515797
175,naoh,NADPH,2,0.2478937192050377,0.11362792798514987
176,naoh,OAA,2,0.22647564787940766,0.10795890427301726
177,naoh,PEP,2,0.2062559653651116,0.1020752298389331
178,naoh,PGA2,2,0.31833539036882413,0.3969703057500441
179,naoh,PGA3,2,0.43313278657090337,0.5330517192704086
180,naoh,PGN,2,0.27754659194479087,0.12897845733042806
181,naoh,PYR,2,0.2233881671151035,0.1274696811118508
182,naoh,Q,2,0.23195432144366562,0.11184633282588416
183,naoh,QH2,2,0.2319543214435229,0.11184633282585789
184,naoh,R5P,2,0.516977277342495,0.133097516875325
185,naoh,RU5P,2,0.522097408060023,0.13423317499477194
186,naoh,S7P,2,0.45083405244674934,0.11894793721137514
187,naoh,SUC,2,0.6802732122520206,0.4118666723629276
188,naoh,SUCCOA,2,0.3619603666105437,0.20840065708909564
189,naoh,X5P,2,0.4926544288439128,0.1267595505899474
190,naoh,ei,2,0.2510589859812199,0.1937321613460316
191,naoh,eiP,2,0.2510589859804494,0.19373216134723953
192,naoh,eiia,2,0.2712796130992701,0.21488495739363328
193,naoh,eiiaP,2,0.2712796131292056,0.21488495739250793
194,naoh,eiicb,2,0.2712839601211497,0.21491731800388475
195,naoh,eiicbP,2,0.2712839641309436,0.2149173179946199
196,naoh,hpr,2,0.27121050406726743,0.21435003688001586
197,naoh,hprP,2,0.2712105041541559,0.21435003688018212
198,naoh,icd,2,0.46189951825613146,0.45935931404422237
199,naoh,icdP,2,0.4618995182566939,0.45935931404440167
200,naoh,tal,2,0.2682075460690523,0.11343841924496811
201,naoh,talC3,2,0.26820754606938535,0.11343841924483676
202,naoh,tkt,2,0.4185913421389855,0.12212146246356904
203,naoh,tktC2,2,0.4185913421371527,0.12212146246360342
204,naoh,ADP,2,0.43634341188568315,0.3473037660368021
205,naoh,AMP,2,0.19238141754047455,0.11644633327194427
206,naoh,ATP,2,0.43656445136845906,0.3825686983030013
207,naoh,CAMP,2,0.25784627923073755,0.09945090839556547
208,naoh,P,2,0.44303029686118983,0.32406475041606975
209,naoh,ASP,2,0.2280241990404338,0.10745910016881727
210,naoh,FAD,2,0.21083558282959608,0.09433467846982092
211,naoh,FADH2,2,0.21083558282984144,0.09433467846984102
212,naoh,ACEx,2,0.4608651305563072,0.25962429455701064
213,naoh,GLCx,2,0.8686845511006377,1.0
214,naoh,ACEx_0,2,1.2759505463744814,0.16323764872100793
215,naoh,Hout,2,0.46631544284513493,0.4126317980596628
216,naoh,GLCp,2,0.7010647821734565,1.0
217,naoh,Pp,2,0.4658594483018273,0.39125704827156865
218,naoh,ACEp,2,1.6416953213601015,0.16213814353309458
219,naoh,G3P,2,0.5400667634061529,0.43708412170184296
220,naoh,GLY,2,0.2603100481319478,0.12693417406476376
221,naoh,MCOA,2,0.4458576308711348,0.10633087053034013
222,naoh,LGLU,2,0.3415999372055519,0.1001759388099709
223,naoh,BA,2,0.401296827058605,0.09959779479114084
224,naoh,MCOAp,2,0.4861363132662044,0.09443905309186532
225,naoh,MCOAx,2,0.3779467140359405,0.11727642030961477
226,naoh,BAp,2,0.3977246766618464,0.10117481126199929
227,naoh,BAx,2,0.3467443877283878,0.11719835418387921
228,naoh,GLYp,2,0.6512394178994065,0.19169355355208179
229,naoh,GLYx,2,0.3605727219373455,0.11273402797522908
230,naoh,DAH,2,0.33791297588955166,0.09924600664660203
231,cacl2,ACCOA,2,0.5452413356157046,0.30959105528555114
232,cacl2,ACO,2,0.5652968225974294,0.33906458492928343
233,cacl2,ACP,2,1.2493473993724251,0.8893218426290822
234,cacl2,AKG,2,0.1410907520084198,0.12012670339388978
235,cacl2,BPG,2,0.562800832079513,0.3824006488043667
236,cacl2,CIT,2,0.5729960621715472,0.32942632796405014
237,cacl2,DAP,2,0.5117960363188837,0.29145695305102615
238,cacl2,E4P,2,0.4548396755822889,0.2348957650465238
239,cacl2,F6P,2,0.2576243110820521,0.18001091050881518
240,cacl2,FDP,2,0.581186448667389,0.34065379097853055
241,cacl2,FUM,2,0.2088669742300332,0.1637578553844692
242,cacl2,G6P,2,0.19137050785053863,0.12506864585424837
243,cacl2,GAP,2,0.5379046154807929,0.3092569627818766
244,cacl2,GL6P,2,0.2447563917523223,0.17803804562671385
245,cacl2,GLX,2,0.5242803280279925,0.2998640832374703
246,cacl2,ICIT,2,0.5627781848691644,0.3565149515907705
247,cacl2,KDPG,2,0.8506357596480005,0.4974327651373891
248,cacl2,MAL,2,0.22447556328388377,0.18567212057803403
249,cacl2,NAD,2,0.8074223005612132,0.6116904328273167
250,cacl2,NADH,2,0.8074223005612041,0.6116904328273028
251,cacl2,NADP,2,0.5934222235699809,0.5508381204542036
252,cacl2,NADPH,2,0.323841432363342,0.11689167455532139
253,cacl2,OAA,2,0.49869689185067906,0.3595636335708307
254,cacl2,PEP,2,0.48294897771892326,0.25102379851555034
255,cacl2,PGA2,2,0.345967653513707,0.1619589703461401
256,cacl2,PGA3,2,0.31706941674612826,0.16972923641703083
257,cacl2,PGN,2,0.2141029353376001,0.13148870970710544
258,cacl2,PYR,2,0.44549451318966743,0.23569849457991132
259,cacl2,Q,2,0.49474760936057977,0.3633731134275473
260,cacl2,QH2,2,0.49474760936061224,0.3633731134275493
261,cacl2,R5P,2,0.51327671620658,0.18698942620616618
262,cacl2,RU5P,2,0.25989097332128885,0.1254156007534929
263,cacl2,S7P,2,0.5585819503673404,0.31061351609203364
264,cacl2,SUC,2,1.2243838562653866,0.8834059903213874
265,cacl2,SUCCOA,2,0.47200654480639254,0.2905015830563305
266,cacl2,X5P,2,0.47041986002405156,0.21167904676005553
267,cacl2,ei,2,0.508622727399601,0.3003346762766132
268,cacl2,eiP,2,0.5086227273996246,0.300334676276704
269,cacl2,eiia,2,0.5345481502170351,0.3304378200490662
270,cacl2,eiiaP,2,0.5345481502146288,0.33043782004943856
271,cacl2,eiicb,2,0.5346082786744626,0.33051567206974464
272,cacl2,eiicbP,2,0.5346082789408743,0.3305156720813276
273,cacl2,hpr,2,0.5328770238153451,0.32913458564263126
274,cacl2,hprP,2,0.5328770238197366,0.3291345856469632
275,cacl2,icd,2,0.24038785668392504,0.15868591330355347
276,cacl2,icdP,2,0.2403878566852977,0.1586859133040506
277,cacl2,tal,2,0.36929748743909946,0.23768934266929384
278,cacl2,talC3,2,0.3692974874389778,0.23768934266927574
279,cacl2,tkt,2,0.5450085137246089,0.3037270154621317
280,cacl2,tktC2,2,0.5450085137253515,0.30372701546216896
281,cacl2,ADP,2,0.4540790688699596,0.354662748997896
282,cacl2,AMP,2,0.20291880792462155,0.16687463168415054
283,cacl2,ATP,2,0.36467617252023776,0.2911108560864509
284,cacl2,CAMP,2,0.6567652024988759,0.323747237029211
285,cacl2,P,2,0.8679693368734207,0.616906976344454
286,cacl2,ASP,2,0.5063184293470533,0.3680895103044236
287,cacl2,FAD,2,0.30857859185575304,0.19821608197659554
288,cacl2,FADH2,2,0.30857859185576797,0.1982160819765977
289,cacl2,ACEx,2,0.3725651886349388,0.2955245752597904
290,cacl2,GLCx,2,0.930882864811273,1.0
291,cacl2,ACEx_0,2,1.357081924955483,0.1519888757150397
292,cacl2,Hout,2,0.6388450668818604,0.496213918106641
293,cacl2,GLCp,2,1.3527972851410583,1.0
294,cacl2,Pp,2,0.620347373417797,0.46657743352581127
295,cacl2,ACEp,2,0.9485104823797067,0.23377210020544817
296,cacl2,G3P,2,0.14992802738086033,0.1241338817778298
297,cacl2,GLY,2,0.38115144113482036,0.1835534971684138
298,cacl2,MCOA,2,0.3900974105091871,0.14611437934438015
299,cacl2,LGLU,2,0.2674924016539634,0.15670049487171506
300,cacl2,BA,2,0.296081083596943,0.21488551681827114
301,cacl2,MCOAp,2,0.34832706462790874,0.12969332543373244
302,cacl2,MCOAx,2,0.3699162549696872,0.11224483079087616
303,cacl2,BAp,2,0.3208600083650337,0.16203377696399338
304,cacl2,BAx,2,0.3921331836235825,0.11137797153083472
305,cacl2,GLYp,2,0.547502185192503,0.19669600833221815
306,cacl2,GLYx,2,0.35031089519820546,0.11153487514330832
307,cacl2,DAH,2,0.5826610155656177,0.2370180284071912
