label,compound,type,u1,u2,clusters
110.01_0.526,DHA,Combined,4.352007,0.62446284,8
110.01_0.526,DHA,Isolation,0.3272733,10.066699,5
110.01_0.526,NaOH,Isolation,2.233594,-3.0882742,2
110.01_0.526,formaldehyde,Combined,2.1652622,-3.36161,2
110.01_0.526,glycolaldehyde,Combined,2.0372655,-3.5423357,2
110.01_0.537,DHA,Combined,4.4736876,1.1269912,8
110.01_0.537,DHA,Isolation,0.32593906,9.842609,5
110.01_0.537,NaOH,Isolation,4.847338,4.384973,3
110.01_0.537,formaldehyde,Combined,2.3533826,-3.2476807,2
110.01_0.537,formaldehyde,Isolation,-1.093616,7.9984164,7
110.01_0.537,glycolaldehyde,Combined,3.3158004,-1.6729407,2
110.01_0.537,glycolaldehyde,Isolation,0.43861696,8.781405,5
110.01_0.548,DHA,Combined,4.517664,1.4387088,8
110.01_0.548,DHA,Isolation,0.26855654,10.131269,5
110.01_0.548,NaOH,Isolation,5.375658,4.889873,3
110.01_0.548,formaldehyde,Combined,5.555832,4.076222,3
110.01_0.548,formaldehyde,Isolation,-1.2673293,8.052877,7
110.01_0.548,glycolaldehyde,Combined,4.856432,4.399432,3
110.01_0.556,DHA,Combined,4.5070286,1.2705207,8
110.01_0.556,DHA,Isolation,0.23334272,10.715637,5
110.01_0.556,NaOH,Isolation,4.835472,4.355399,3
110.01_0.556,formaldehyde,Combined,3.762156,-0.33172563,8
110.01_0.556,glycolaldehyde,Combined,3.3323848,-1.6693037,2
110.01_0.565,DHA,Combined,4.40969,0.84633225,8
110.01_0.565,DHA,Isolation,0.23473656,10.734825,5
110.01_0.565,NaOH,Isolation,1.9537514,-3.343686,2
110.01_0.565,formaldehyde,Combined,2.110968,-3.4714496,2
110.01_0.565,glycolaldehyde,Combined,2.0183125,-3.5245261,2
117.02_0.529,DHA,Combined,2.6345296,-1.6319504,2
117.02_0.529,DHA,Isolation,0.09234183,5.510562,6
117.02_0.529,NaOH,Isolation,3.30338,-0.6501233,2
117.02_0.529,formaldehyde,Combined,1.5693241,-0.49819323,4
117.02_0.529,formaldehyde,Isolation,1.3711599,6.644576,6
117.02_0.529,glycolaldehyde,Combined,2.1407373,-2.0924482,2
117.02_0.529,glycolaldehyde,Isolation,0.06261089,5.8838077,6
117.02_0.54,DHA,Combined,2.1340168,1.9302253,4
117.02_0.54,DHA,Isolation,0.055409793,5.497529,6
117.02_0.54,NaOH,Isolation,4.7536016,4.4415693,3
117.02_0.54,formaldehyde,Combined,2.0357487,1.8280174,4
117.02_0.54,formaldehyde,Isolation,1.213355,6.546504,6
117.02_0.54,glycolaldehyde,Combined,2.0446424,1.8643667,4
117.02_0.54,glycolaldehyde,Isolation,0.29394507,8.48739,5
117.02_0.555,DHA,Combined,4.887705,3.5354173,3
117.02_0.555,DHA,Isolation,0.2986166,9.504472,5
117.02_0.555,NaOH,Isolation,4.7890882,4.438346,3
117.02_0.555,formaldehyde,Combined,5.4659963,4.144413,3
117.02_0.555,formaldehyde,Isolation,-0.72974765,8.041833,7
117.02_0.555,glycolaldehyde,Combined,4.823328,4.4227653,3
117.02_0.561,DHA,Combined,4.47075,1.1581175,8
117.02_0.561,DHA,Isolation,0.31314605,10.347509,5
117.02_0.561,NaOH,Isolation,2.3258417,0.16242562,4
117.02_0.561,formaldehyde,Combined,3.651212,-0.4297765,8
117.02_0.561,glycolaldehyde,Combined,3.298375,-1.6204382,2
124.03_0.532,DHA,Combined,0.991641,-2.6161273,2
124.03_0.532,DHA,Isolation,-0.08162167,5.293261,6
124.03_0.532,NaOH,Isolation,-1.3230344,8.097183,7
124.03_0.532,formaldehyde,Combined,2.1006253,6.4026036,6
124.03_0.532,formaldehyde,Isolation,1.9402982,6.5448356,6
124.03_0.558,DHA,Combined,6.2037,5.344984,1
124.03_0.558,DHA,Isolation,0.6761308,5.804275,6
124.03_0.558,NaOH,Isolation,6.480864,5.3089595,1
124.03_0.558,formaldehyde,Combined,5.9054117,5.40857,1
124.03_0.558,formaldehyde,Isolation,1.9952514,6.4129987,6
124.03_0.558,glycolaldehyde,Combined,6.4416857,5.4142656,1
124.03_0.566,DHA,Combined,5.3049793,4.7941175,3
124.03_0.566,DHA,Isolation,0.9677542,5.9101024,6
124.03_0.566,NaOH,Isolation,5.73943,4.8382645,3
124.03_0.566,formaldehyde,Combined,5.469897,5.194448,3
124.03_0.566,formaldehyde,Isolation,2.02322,6.463539,6
124.03_0.566,glycolaldehyde,Combined,6.1202836,5.0990934,1
124.03_0.578,DHA,Isolation,0.54266965,5.8116746,6
124.03_0.578,formaldehyde,Combined,2.0941772,6.416197,6
124.03_0.578,formaldehyde,Isolation,1.9919698,6.544921,6
125.02_0.535,DHA,Combined,2.7469823,-1.4278202,2
125.02_0.535,DHA,Isolation,-0.036405202,5.3606944,6
125.02_0.535,NaOH,Isolation,3.0359273,-0.76047534,2
125.02_0.535,formaldehyde,Combined,2.4707217,-1.8245674,2
125.02_0.535,glycolaldehyde,Combined,2.3690362,-1.8117198,2
125.02_0.535,glycolaldehyde,Isolation,0.34761232,8.669733,5
125.02_0.549,DHA,Combined,4.7056227,4.4357014,3
125.02_0.549,DHA,Isolation,0.17415942,5.803236,6
125.02_0.549,NaOH,Isolation,5.166444,4.8747854,3
125.02_0.549,formaldehyde,Combined,3.7988653,-0.2324101,8
125.02_0.549,glycolaldehyde,Combined,4.7740645,4.39819,3
125.02_0.549,glycolaldehyde,Isolation,0.35697326,8.6604395,5
125.02_0.563,DHA,Combined,5.368431,4.8257484,3
125.02_0.563,NaOH,Isolation,5.539377,5.0431423,3
125.02_0.563,formaldehyde,Combined,6.700116,5.122947,1
125.02_0.563,formaldehyde,Isolation,-1.3161429,8.078081,7
125.02_0.563,glycolaldehyde,Combined,5.384583,4.8940024,3
125.02_0.569,DHA,Combined,4.4915175,1.1984193,8
125.02_0.569,DHA,Isolation,0.2350224,10.768193,5
125.02_0.569,NaOH,Isolation,2.2950063,0.103586935,4
125.02_0.569,formaldehyde,Combined,3.5973878,-0.52406824,8
125.02_0.569,glycolaldehyde,Combined,3.215201,-1.693522,2
132.03_0.541,DHA,Combined,1.2743472,-2.0001352,2
132.03_0.541,NaOH,Isolation,1.3153121,-1.8693686,2
132.03_0.541,formaldehyde,Combined,1.6097544,-0.48376778,4
132.03_0.541,formaldehyde,Isolation,1.4698429,6.670272,6
132.03_0.541,glycolaldehyde,Combined,1.3507907,-1.9657661,2
132.03_0.566,DHA,Combined,5.268721,4.689041,3
132.03_0.566,DHA,Isolation,0.6926817,9.457377,5
132.03_0.566,NaOH,Isolation,4.83498,4.735144,3
132.03_0.566,formaldehyde,Combined,5.482875,4.5102253,3
132.03_0.566,formaldehyde,Isolation,-0.6694111,8.143717,7
132.03_0.566,glycolaldehyde,Combined,4.707484,4.64737,3
132.03_0.586,DHA,Combined,2.700401,-0.9761807,2
132.03_0.586,DHA,Isolation,0.6398627,9.205737,5
132.03_0.586,NaOH,Isolation,1.8217965,-0.44938067,4
132.03_0.586,formaldehyde,Combined,2.4805875,-1.780136,2
132.03_0.586,glycolaldehyde,Combined,1.6615801,-0.56128883,4
133.03_0.538,DHA,Combined,1.040267,-2.638507,2
133.03_0.538,DHA,Isolation,-0.05884564,5.3151646,6
133.03_0.538,NaOH,Isolation,1.1160035,-1.8959728,2
133.03_0.538,formaldehyde,Combined,1.5227126,-0.5233087,4
133.03_0.538,formaldehyde,Isolation,1.5248885,6.6840243,6
133.03_0.538,glycolaldehyde,Combined,0.8839255,-1.9181061,2
133.03_0.566,DHA,Combined,6.4314504,5.337227,1
133.03_0.566,NaOH,Isolation,6.508407,5.4838676,1
133.03_0.566,formaldehyde,Combined,6.509229,5.295612,1
133.03_0.566,glycolaldehyde,Combined,6.480146,5.3483634,1
138.03_0.544,DHA,Combined,1.028851,-2.6762614,2
138.03_0.544,DHA,Isolation,-0.09971291,5.26949,6
138.03_0.544,NaOH,Isolation,1.2383031,-2.7443361,2
138.03_0.544,formaldehyde,Combined,1.1901735,-1.6390402,2
138.03_0.544,formaldehyde,Isolation,1.3875448,6.6652393,6
138.03_0.544,glycolaldehyde,Combined,1.2454469,-2.7715602,2
138.03_0.547,DHA,Combined,1.0270287,-2.6384647,2
138.03_0.547,DHA,Isolation,-0.12748963,5.2322416,6
138.03_0.547,NaOH,Isolation,1.1224991,-2.327534,2
138.03_0.547,formaldehyde,Combined,1.1983271,-1.4508374,2
138.03_0.547,formaldehyde,Isolation,1.4015462,6.6587257,6
138.03_0.547,glycolaldehyde,Combined,1.0570737,-2.540232,2
138.03_0.57,DHA,Combined,0.4118809,5.667738,6
138.03_0.57,DHA,Isolation,-0.120471045,5.257699,6
138.03_0.57,formaldehyde,Combined,4.3625345,4.5938945,3
138.03_0.57,glycolaldehyde,Combined,3.632821,5.1200175,3
138.03_0.572,DHA,Combined,0.5398989,5.822323,6
138.03_0.572,DHA,Isolation,-0.013450524,5.3569727,6
138.03_0.572,formaldehyde,Combined,4.3873615,4.5358562,3
138.03_0.572,glycolaldehyde,Combined,3.6123793,5.0974965,3
139.03_0.541,DHA,Combined,0.99593437,-2.6022933,2
139.03_0.541,DHA,Isolation,-0.084198065,5.2834215,6
139.03_0.541,NaOH,Isolation,1.1122421,-1.8466606,2
139.03_0.541,formaldehyde,Combined,1.527868,-0.39001277,4
139.03_0.541,formaldehyde,Isolation,1.3713881,6.634899,6
139.03_0.541,glycolaldehyde,Combined,0.754808,-1.2088029,2
139.03_0.568,DHA,Combined,6.32571,5.670574,1
139.03_0.568,DHA,Isolation,0.34853807,5.831986,6
139.03_0.568,NaOH,Isolation,6.1329503,5.457226,1
139.03_0.568,formaldehyde,Combined,6.5392523,5.331212,1
139.03_0.568,glycolaldehyde,Combined,6.1260924,5.347498,1
139.03_0.586,formaldehyde,Combined,1.7800757,0.95068824,4
140.02_0.548,DHA,Combined,2.4443884,-1.7179195,2
140.02_0.548,NaOH,Isolation,2.1642873,-2.120662,2
140.02_0.548,formaldehyde,Combined,2.0448804,-3.0101843,2
140.02_0.548,glycolaldehyde,Combined,1.9228141,-2.8948376,2
140.02_0.548,glycolaldehyde,Isolation,0.43235037,8.787708,5
140.02_0.574,DHA,Combined,4.8534193,3.5032494,3
140.02_0.574,DHA,Isolation,0.4027209,9.984991,5
140.02_0.574,NaOH,Isolation,4.8906927,4.817321,3
140.02_0.574,formaldehyde,Combined,5.5533776,4.2392817,3
140.02_0.574,formaldehyde,Isolation,-1.1540458,8.044152,7
140.02_0.574,glycolaldehyde,Combined,4.782528,4.703391,3
141.03_0.546,DHA,Combined,2.0516546,-1.5475323,2
141.03_0.546,NaOH,Isolation,1.2444063,-1.7696241,2
141.03_0.546,formaldehyde,Combined,1.8884636,-1.8744025,2
141.03_0.546,glycolaldehyde,Combined,1.339508,-2.00927,2
141.03_0.573,DHA,Combined,4.8276496,3.470704,3
141.03_0.573,DHA,Isolation,0.7167221,10.06576,5
141.03_0.573,NaOH,Isolation,4.779884,4.728119,3
141.03_0.573,formaldehyde,Combined,5.566786,4.24987,3
141.03_0.573,formaldehyde,Isolation,-0.8335382,8.089464,7
141.03_0.573,glycolaldehyde,Combined,4.537466,4.59819,3
141.03_0.594,DHA,Combined,2.5140543,-1.0943006,2
141.03_0.594,NaOH,Isolation,2.143422,-2.6177456,2
141.03_0.594,formaldehyde,Combined,2.3607824,-1.7775077,2
141.03_0.594,glycolaldehyde,Combined,1.5381979,-1.1280781,2
146.02_0.551,DHA,Combined,1.0290719,-2.3501594,2
146.02_0.551,DHA,Isolation,-0.07300154,5.3066244,6
146.02_0.551,NaOH,Isolation,1.0998348,-1.5608625,2
146.02_0.551,formaldehyde,Combined,1.6235008,-1.8626053,2
146.02_0.551,glycolaldehyde,Combined,2.028162,-1.545679,2
146.02_0.551,glycolaldehyde,Isolation,0.44394147,9.530036,5
146.02_0.578,DHA,Combined,3.6059673,5.1268277,3
146.02_0.578,NaOH,Isolation,3.5952325,5.1813684,3
146.02_0.578,formaldehyde,Combined,5.5320053,4.2688932,3
146.02_0.578,glycolaldehyde,Combined,3.4994872,5.2207594,3
147.03_0.549,DHA,Combined,1.0789115,-2.6622748,2
147.03_0.549,DHA,Isolation,0.3629247,5.7903557,6
147.03_0.549,NaOH,Isolation,1.1840446,-1.9161808,2
147.03_0.549,formaldehyde,Combined,1.5062006,-0.57475734,4
147.03_0.549,formaldehyde,Isolation,1.4001203,6.6611414,6
147.03_0.549,glycolaldehyde,Combined,1.1175324,-2.0695512,2
147.03_0.576,DHA,Combined,4.628633,4.7973747,3
147.03_0.576,DHA,Isolation,0.380093,6.0069175,6
147.03_0.576,NaOH,Isolation,4.6370025,4.734505,3
147.03_0.576,formaldehyde,Combined,5.3638535,4.8223605,3
147.03_0.576,glycolaldehyde,Combined,4.612362,4.72019,3
147.03_0.578,DHA,Combined,4.5553994,4.6042886,3
147.03_0.578,NaOH,Isolation,4.492662,4.6263433,3
147.03_0.578,formaldehyde,Combined,4.6951222,4.694393,3
147.03_0.578,glycolaldehyde,Combined,4.4726214,4.5647326,3
153.03_0.553,DHA,Combined,-0.0040334715,5.330082,6
153.03_0.553,DHA,Isolation,-0.12608977,5.246189,6
153.03_0.553,NaOH,Isolation,0.748663,-0.9541251,2
153.03_0.553,formaldehyde,Combined,1.1435858,0.59430444,4
153.03_0.553,glycolaldehyde,Combined,0.78901166,-0.9817475,2
153.03_0.58,DHA,Combined,3.954375,4.960801,3
153.03_0.58,NaOH,Isolation,4.456769,4.7159715,3
153.03_0.58,formaldehyde,Combined,5.603073,4.3121586,3
153.03_0.58,glycolaldehyde,Combined,4.522577,4.901785,3
154.04_0.55,DHA,Combined,1.9921002,1.8708119,4
154.04_0.55,DHA,Isolation,0.30105603,5.871884,6
154.04_0.55,NaOH,Isolation,1.5847428,1.5780662,4
154.04_0.55,formaldehyde,Combined,2.0238433,6.183927,6
154.04_0.55,formaldehyde,Isolation,-0.07879919,6.165143,6
154.04_0.55,glycolaldehyde,Combined,1.6886556,1.4930698,4
154.04_0.581,DHA,Combined,5.2282023,4.9907937,3
154.04_0.581,NaOH,Isolation,5.7023063,5.175946,1
154.04_0.581,formaldehyde,Combined,5.86317,4.930967,3
154.04_0.581,glycolaldehyde,Combined,5.1986537,4.979639,3
155.03_0.556,DHA,Combined,4.154866,0.41582397,8
155.03_0.556,DHA,Isolation,0.5419645,9.060221,5
155.03_0.556,NaOH,Isolation,2.098752,-2.9617996,2
155.03_0.556,formaldehyde,Combined,2.1134398,-3.1630545,2
155.03_0.556,glycolaldehyde,Combined,2.0421154,-3.0279877,2
155.03_0.556,glycolaldehyde,Isolation,0.5058766,9.647838,5
155.03_0.564,DHA,Combined,4.249135,0.51797223,8
155.03_0.564,DHA,Isolation,0.37176073,10.369912,5
155.03_0.564,NaOH,Isolation,2.461181,-1.9088947,2
155.03_0.564,formaldehyde,Combined,2.1854854,-3.1354527,2
155.03_0.564,glycolaldehyde,Combined,1.9627281,-2.947597,2
155.03_0.585,DHA,Combined,4.3479137,1.2305932,8
155.03_0.585,DHA,Isolation,0.30555966,10.764456,5
155.03_0.585,NaOH,Isolation,2.2958348,0.12175065,4
155.03_0.585,formaldehyde,Combined,3.6632442,-0.37834477,8
155.03_0.585,glycolaldehyde,Combined,3.2828288,-1.5646919,2
156.04_0.555,DHA,Combined,0.96417403,-2.0523076,2
156.04_0.555,NaOH,Isolation,0.85315824,-1.4235942,2
156.04_0.555,formaldehyde,Combined,1.4320271,-1.6904147,2
156.04_0.555,glycolaldehyde,Combined,0.71155953,-1.1514833,2
156.04_0.584,DHA,Combined,4.321728,4.3213806,3
156.04_0.584,DHA,Isolation,0.70565474,8.847069,5
156.04_0.584,NaOH,Isolation,4.0784507,4.6583805,3
156.04_0.584,formaldehyde,Combined,5.516286,4.23536,3
156.04_0.584,formaldehyde,Isolation,-0.8166698,8.081186,7
156.04_0.584,glycolaldehyde,Combined,4.106327,4.34947,3
156.04_0.604,DHA,Combined,2.1055496,-1.4021031,2
156.04_0.604,NaOH,Isolation,1.6462398,-2.8429608,2
156.04_0.604,formaldehyde,Combined,1.7623183,-2.6137097,2
156.04_0.604,glycolaldehyde,Combined,0.91552573,-1.8104457,2
161.03_0.56,DHA,Combined,2.2940114,-1.7538912,2
161.03_0.56,DHA,Isolation,0.2169587,5.8934927,6
161.03_0.56,NaOH,Isolation,1.4359571,-1.1133511,2
161.03_0.56,formaldehyde,Combined,1.7979928,-1.6498607,2
161.03_0.56,glycolaldehyde,Combined,2.1798713,-1.6038005,2
161.03_0.56,glycolaldehyde,Isolation,0.5103774,8.863279,5
161.03_0.567,DHA,Combined,2.2979417,-1.7470902,2
161.03_0.567,NaOH,Isolation,1.3074604,-1.1866235,2
161.03_0.567,formaldehyde,Combined,1.5680647,-1.9521072,2
161.03_0.567,formaldehyde,Isolation,-0.10111496,6.180729,6
161.03_0.567,glycolaldehyde,Combined,1.687784,-1.629354,2
161.03_0.589,DHA,Combined,1.0775976,6.049954,6
161.03_0.589,DHA,Isolation,0.43604094,9.821827,5
161.03_0.589,NaOH,Isolation,1.9746157,6.0903597,6
161.03_0.589,formaldehyde,Combined,4.0170064,4.157664,3
161.03_0.589,glycolaldehyde,Combined,1.0129746,5.992706,6
162.04_0.56,DHA,Combined,4.212162,0.71747977,8
162.04_0.56,DHA,Isolation,0.3609737,10.26571,5
162.04_0.56,NaOH,Isolation,1.598656,0.70654917,4
162.04_0.56,formaldehyde,Combined,1.5015824,0.75552154,4
162.04_0.56,glycolaldehyde,Combined,2.4649322,-0.90975523,2
162.04_0.586,DHA,Combined,4.7401443,3.5599236,3
162.04_0.586,DHA,Isolation,0.34168315,10.434794,5
162.04_0.586,NaOH,Isolation,4.4091887,4.694044,3
162.04_0.586,formaldehyde,Combined,5.564511,4.2536397,3
162.04_0.586,formaldehyde,Isolation,-0.7853393,8.114758,7
162.04_0.586,glycolaldehyde,Combined,4.4721313,4.6502323,3
162.04_0.605,DHA,Combined,4.2306137,0.779209,8
162.04_0.605,DHA,Isolation,0.6808779,9.829288,5
162.04_0.605,NaOH,Isolation,1.418172,-0.67659336,4
162.04_0.605,formaldehyde,Combined,2.0098388,-1.3450243,2
162.04_0.605,glycolaldehyde,Combined,1.4016005,-0.6188663,4
168.04_0.563,DHA,Combined,1.7254131,1.6549165,4
168.04_0.563,DHA,Isolation,0.3099067,5.8776197,6
168.04_0.563,NaOH,Isolation,1.4599985,1.7575494,4
168.04_0.563,formaldehyde,Combined,1.4778411,1.7313023,4
168.04_0.563,glycolaldehyde,Combined,1.5983702,1.490634,4
168.04_0.591,DHA,Combined,4.9116244,3.6127279,3
168.04_0.591,DHA,Isolation,0.36678714,10.100102,5
168.04_0.591,formaldehyde,Combined,5.508531,4.1827755,3
168.04_0.591,formaldehyde,Isolation,-1.3352035,8.112706,7
168.04_0.596,DHA,Combined,4.9028425,3.3901045,3
168.04_0.596,DHA,Isolation,0.34355846,10.413403,5
168.04_0.596,formaldehyde,Combined,5.4159384,4.1376243,3
168.04_0.596,formaldehyde,Isolation,-1.3288895,8.107685,7
170.03_0.568,DHA,Combined,4.207099,0.5314694,8
170.03_0.568,DHA,Isolation,0.37488034,10.351134,5
170.03_0.568,NaOH,Isolation,2.4308624,-1.8400712,2
170.03_0.568,formaldehyde,Combined,2.4055345,-1.931998,2
170.03_0.568,glycolaldehyde,Combined,2.4348412,-1.7909588,2
170.03_0.568,glycolaldehyde,Isolation,0.62521464,8.797788,5
170.03_0.595,DHA,Combined,1.1299621,1.4768925,4
170.03_0.595,DHA,Isolation,0.4713918,10.337596,5
170.03_0.595,NaOH,Isolation,1.2908359,1.2790002,4
170.03_0.595,formaldehyde,Combined,2.013442,1.793033,4
170.03_0.595,glycolaldehyde,Combined,1.1545578,1.4842542,4
176.03_0.572,DHA,Combined,2.7632785,-0.92869323,2
176.03_0.572,NaOH,Isolation,1.5403084,-1.1144028,2
176.03_0.572,formaldehyde,Combined,1.9419808,-1.7483572,2
176.03_0.572,glycolaldehyde,Combined,2.0935743,-1.7391087,2
176.03_0.578,DHA,Combined,4.1827645,0.4497986,8
176.03_0.578,DHA,Isolation,0.47649384,9.837317,5
176.03_0.578,NaOH,Isolation,2.0629587,-2.7491438,2
176.03_0.578,formaldehyde,Combined,2.2117507,-3.2076502,2
176.03_0.578,glycolaldehyde,Combined,1.8298371,-2.9578786,2
176.03_0.595,DHA,Combined,4.3239822,0.7859159,8
176.03_0.595,DHA,Isolation,0.34097698,10.47346,5
176.03_0.595,NaOH,Isolation,2.2692838,0.07798094,4
176.03_0.595,formaldehyde,Combined,2.256397,-3.2700486,2
176.03_0.595,glycolaldehyde,Combined,3.2689283,-1.6596838,2
176.03_0.601,DHA,Combined,4.483558,1.1869053,8
176.03_0.601,DHA,Isolation,0.23597054,10.777333,5
176.03_0.601,NaOH,Isolation,2.2882814,0.08645168,4
176.03_0.601,formaldehyde,Combined,3.679591,-0.4087822,8
176.03_0.601,glycolaldehyde,Combined,3.2904055,-1.6480491,2
176.03_0.608,DHA,Combined,4.456377,1.1089016,8
176.03_0.608,DHA,Isolation,0.24886616,10.77377,5
176.03_0.608,NaOH,Isolation,2.2428145,0.028884292,4
176.03_0.608,formaldehyde,Combined,3.607958,-0.51313525,8
176.03_0.608,glycolaldehyde,Combined,3.1077218,-1.7553841,2
176.05_0.557,DHA,Isolation,0.5049951,5.8125772,6
176.05_0.557,formaldehyde,Combined,2.1095607,6.4536614,6
176.05_0.557,formaldehyde,Isolation,2.0308244,6.502635,6
176.05_0.593,DHA,Combined,4.305141,0.6242651,8
176.05_0.593,DHA,Isolation,0.36384612,10.36889,5
176.05_0.593,NaOH,Isolation,1.8703574,-0.3824448,4
176.05_0.593,formaldehyde,Combined,2.2131424,-3.2885935,2
176.05_0.593,glycolaldehyde,Combined,2.1065106,-2.8963032,2
176.05_0.605,DHA,Combined,4.4759936,1.15979,8
176.05_0.605,DHA,Isolation,0.2247847,10.811642,5
176.05_0.605,NaOH,Isolation,2.2820067,0.08866705,4
176.05_0.605,formaldehyde,Combined,3.6091585,-0.5001014,8
176.05_0.605,glycolaldehyde,Combined,3.2462971,-1.6686952,2
177.04_0.562,DHA,Combined,4.081028,4.05164,3
177.04_0.562,NaOH,Isolation,4.218029,4.340209,3
177.04_0.562,formaldehyde,Combined,4.255927,4.299103,3
177.04_0.562,formaldehyde,Isolation,-0.5206774,8.150631,7
177.04_0.562,glycolaldehyde,Combined,4.0366693,4.0671153,3
177.04_0.568,DHA,Combined,3.2544286,1.5110251,8
177.04_0.568,DHA,Isolation,0.5838696,9.096283,5
177.04_0.568,NaOH,Isolation,2.1688433,1.8821955,4
177.04_0.568,formaldehyde,Combined,2.2149384,1.8491184,4
177.04_0.568,formaldehyde,Isolation,-0.6815042,8.06574,7
177.04_0.568,glycolaldehyde,Combined,2.1670864,1.728115,4
177.04_0.596,DHA,Combined,4.8669586,3.4118216,3
177.04_0.596,DHA,Isolation,0.3217694,10.561443,5
177.04_0.596,NaOH,Isolation,4.762982,4.7662973,3
177.04_0.596,formaldehyde,Combined,5.4909515,4.1474795,3
177.04_0.615,DHA,Combined,4.2192454,0.8067457,8
177.04_0.615,NaOH,Isolation,1.5041134,-0.85889786,4
177.04_0.615,formaldehyde,Combined,3.2861233,-0.8123922,2
177.04_0.615,glycolaldehyde,Combined,1.2612494,-0.8463003,2
183.04_0.573,DHA,Combined,1.7196009,0.5861312,4
183.04_0.573,NaOH,Isolation,1.2170033,0.7420097,4
183.04_0.573,formaldehyde,Combined,1.2324264,0.92333764,4
183.04_0.573,glycolaldehyde,Combined,0.84375495,-0.40951464,4
183.04_0.606,DHA,Combined,4.845911,3.3530705,3
183.04_0.606,DHA,Isolation,0.33674175,10.437306,5
183.04_0.606,formaldehyde,Combined,5.468784,4.121848,3
183.04_0.606,formaldehyde,Isolation,-1.3054303,8.095354,7
184.05_0.566,DHA,Combined,3.970998,4.157316,3
184.05_0.566,DHA,Isolation,1.015544,6.2554646,6
184.05_0.566,NaOH,Isolation,3.9918952,4.1918116,3
184.05_0.566,formaldehyde,Combined,2.2343214,6.3282843,6
184.05_0.566,formaldehyde,Isolation,1.9003432,6.7217913,6
184.05_0.566,glycolaldehyde,Combined,3.966058,4.1256943,3
184.05_0.58,DHA,Combined,1.3393583,1.0536556,4
184.05_0.58,NaOH,Isolation,1.285824,0.8730811,4
184.05_0.58,formaldehyde,Combined,1.3167806,1.4939752,4
184.05_0.58,formaldehyde,Isolation,0.009740457,6.0875573,6
184.05_0.58,glycolaldehyde,Combined,1.2682142,0.90593994,4
184.05_0.601,DHA,Combined,5.4595838,4.828994,3
184.05_0.601,DHA,Isolation,0.61802554,9.398069,5
184.05_0.601,NaOH,Isolation,5.733496,5.175036,1
184.05_0.601,formaldehyde,Combined,6.4565754,5.2067266,1
184.05_0.601,formaldehyde,Isolation,-0.88174456,8.154394,7
184.05_0.601,glycolaldehyde,Combined,6.298272,5.275835,1
184.05_0.601,glycolaldehyde,Isolation,1.0248737,6.106133,6
184.05_0.617,DHA,Combined,4.874892,3.4269867,3
184.05_0.617,NaOH,Isolation,4.8578725,4.843049,3
184.05_0.617,formaldehyde,Combined,5.3660426,4.3916974,3
185.04_0.578,DHA,Combined,4.2221913,0.67917126,8
185.04_0.578,DHA,Isolation,0.37286127,10.518081,5
185.04_0.578,NaOH,Isolation,2.3503902,-2.120275,2
185.04_0.578,formaldehyde,Combined,2.4149232,-1.8447132,2
185.04_0.578,glycolaldehyde,Combined,2.2657058,-1.8871216,2
185.04_0.586,DHA,Combined,4.2868276,0.5829198,8
185.04_0.586,DHA,Isolation,0.24463503,10.734544,5
185.04_0.586,NaOH,Isolation,1.9603233,-3.1028507,2
185.04_0.586,formaldehyde,Combined,2.0209365,-3.2574413,2
185.04_0.586,glycolaldehyde,Combined,1.8326025,-3.268995,2
185.04_0.605,DHA,Combined,4.4543757,1.1309526,8
185.04_0.605,DHA,Isolation,0.20680287,10.824675,5
185.04_0.605,NaOH,Isolation,2.2635095,0.108849294,4
185.04_0.605,formaldehyde,Combined,3.5714085,-0.54179245,8
185.04_0.605,glycolaldehyde,Combined,3.1832855,-1.6541829,2
185.04_0.646,DHA,Combined,8.094499,7.2679505,1
185.04_0.646,DHA,Isolation,-0.028869415,5.3382373,6
185.04_0.646,NaOH,Isolation,8.186171,7.208894,1
185.04_0.646,formaldehyde,Combined,8.226083,7.118021,1
185.04_0.646,glycolaldehyde,Combined,8.179682,7.215657,1
190.05_0.57,DHA,Combined,0.37502277,1.5423678,4
190.05_0.57,DHA,Isolation,0.4236399,5.8723373,6
190.05_0.57,formaldehyde,Combined,2.1163123,6.4484982,6
190.05_0.57,formaldehyde,Isolation,1.936957,6.59111,6
190.05_0.61,DHA,Combined,5.5536265,5.0039144,3
190.05_0.61,NaOH,Isolation,6.1700783,5.51501,1
190.05_0.61,formaldehyde,Combined,6.4967422,5.2393355,1
190.05_0.61,glycolaldehyde,Combined,6.3192625,5.3240504,1
190.05_0.61,glycolaldehyde,Isolation,0.8073761,5.9345655,6
190.05_0.624,DHA,Combined,4.897855,4.7472305,3
190.05_0.624,DHA,Isolation,0.5062035,5.947839,6
190.05_0.624,NaOH,Isolation,5.739469,5.2709494,1
190.05_0.624,formaldehyde,Combined,5.6708593,5.06251,3
190.05_0.624,glycolaldehyde,Combined,6.027852,5.225876,1
190.05_0.624,glycolaldehyde,Isolation,0.6783957,5.9360313,6
191.04_0.581,DHA,Combined,2.5555577,-0.93837947,2
191.04_0.581,DHA,Isolation,0.6419754,8.760909,5
191.04_0.581,NaOH,Isolation,1.4019059,-0.9556865,2
191.04_0.581,formaldehyde,Combined,1.7507249,-1.4205557,2
191.04_0.581,glycolaldehyde,Combined,1.8893805,-1.5692053,2
191.04_0.6,DHA,Combined,2.7589843,-1.5380131,2
191.04_0.6,NaOH,Isolation,1.8422728,-0.41923043,4
191.04_0.6,formaldehyde,Combined,2.2251573,-3.237925,2
191.04_0.6,glycolaldehyde,Combined,2.1985307,-2.630811,2
191.04_0.611,DHA,Combined,4.477047,1.3001148,8
191.04_0.611,DHA,Isolation,0.29975453,10.716063,5
191.04_0.611,NaOH,Isolation,2.3196607,0.11393145,4
191.04_0.611,formaldehyde,Combined,3.7799203,-0.28779736,8
191.04_0.611,formaldehyde,Isolation,-1.370864,8.142609,7
191.04_0.611,glycolaldehyde,Combined,3.31037,-1.604322,2
191.04_0.617,DHA,Combined,4.4853997,1.1791196,8
191.04_0.617,DHA,Isolation,0.25688815,10.75778,5
191.04_0.617,NaOH,Isolation,2.2881424,0.08847788,4
191.04_0.617,formaldehyde,Combined,3.67581,-0.41901466,8
191.04_0.617,formaldehyde,Isolation,-1.327114,8.1142845,7
191.04_0.617,glycolaldehyde,Combined,3.2500455,-1.6452978,2
191.04_0.65,DHA,Combined,6.841851,6.4269805,1
191.04_0.65,NaOH,Isolation,7.2125096,6.9144797,1
191.04_0.65,formaldehyde,Combined,7.2210875,6.7012696,1
191.04_0.65,glycolaldehyde,Combined,7.1777906,6.831255,1
191.06_0.569,DHA,Combined,0.5958655,1.4527382,4
191.06_0.569,DHA,Isolation,0.45226938,5.991639,6
191.06_0.569,NaOH,Isolation,1.3945154,1.6575803,4
191.06_0.569,formaldehyde,Combined,2.0620525,6.3547254,6
191.06_0.569,formaldehyde,Isolation,1.0788252,7.81226,5
191.06_0.569,glycolaldehyde,Combined,2.1113787,0.81044114,4
191.06_0.6,DHA,Combined,2.8036487,-1.526125,2
191.06_0.6,NaOH,Isolation,1.7739934,-0.41453323,4
191.06_0.6,formaldehyde,Combined,2.2444572,-3.2679968,2
191.06_0.6,glycolaldehyde,Combined,2.2038872,-2.622064,2
191.06_0.608,DHA,Combined,4.434829,1.4955535,8
191.06_0.608,DHA,Isolation,0.37655902,10.614546,5
191.06_0.608,formaldehyde,Isolation,-1.3449204,8.114776,7
191.06_0.617,DHA,Combined,4.505876,1.2036463,8
191.06_0.617,DHA,Isolation,0.259779,10.759485,5
191.06_0.617,NaOH,Isolation,2.3190737,0.11466271,4
191.06_0.617,formaldehyde,Combined,3.664873,-0.42259035,8
191.06_0.617,formaldehyde,Isolation,-1.3424113,8.114176,7
191.06_0.617,glycolaldehyde,Combined,3.2719862,-1.6508881,2
192.05_0.574,DHA,Combined,2.3224907,0.92264634,4
192.05_0.574,DHA,Isolation,0.7015473,9.37906,5
192.05_0.574,NaOH,Isolation,1.6183769,0.92239976,4
192.05_0.574,formaldehyde,Combined,2.1538656,1.6479422,4
192.05_0.574,glycolaldehyde,Combined,1.9553281,1.0381457,4
192.05_0.581,DHA,Combined,2.8088932,-0.59710455,2
192.05_0.581,DHA,Isolation,0.57723415,9.341567,5
192.05_0.581,NaOH,Isolation,1.5952275,0.29014853,4
192.05_0.581,formaldehyde,Combined,1.4416183,0.67677057,4
192.05_0.581,glycolaldehyde,Combined,1.6364132,-0.713225,4
192.05_0.611,DHA,Combined,4.4652414,1.5594335,8
192.05_0.611,DHA,Isolation,0.35150748,10.574516,5
192.05_0.611,NaOH,Isolation,4.7722173,4.4517193,3
192.05_0.611,formaldehyde,Combined,3.908937,-0.11230312,8
192.05_0.611,formaldehyde,Isolation,-1.3011484,8.12682,7
192.05_0.623,DHA,Combined,4.2975144,1.3132743,8
192.05_0.623,DHA,Isolation,0.75362545,9.94494,5
192.05_0.623,NaOH,Isolation,2.3295689,0.17579423,4
192.05_0.623,formaldehyde,Combined,3.7192762,-0.35587788,8
192.05_0.623,glycolaldehyde,Combined,1.7398612,0.8237897,4
197.04_0.585,DHA,Combined,0.641897,-1.0715884,2
197.04_0.585,DHA,Isolation,0.34691623,5.9697895,6
197.04_0.585,NaOH,Isolation,1.0915637,-0.8717145,2
197.04_0.585,formaldehyde,Combined,0.8437906,-0.2511084,4
197.04_0.585,glycolaldehyde,Combined,0.6016182,-0.8878641,2
197.04_0.61,DHA,Combined,3.045826,1.637945,8
197.04_0.61,formaldehyde,Combined,3.7507546,-0.31884784,8
197.04_0.61,formaldehyde,Isolation,-1.2298105,8.096358,7
197.04_0.619,DHA,Combined,4.3505325,1.1299735,8
197.04_0.619,DHA,Isolation,0.46580467,10.250385,5
197.04_0.619,NaOH,Isolation,2.1285067,0.007954732,4
197.04_0.619,formaldehyde,Combined,3.6416965,-0.44203147,8
197.04_0.619,glycolaldehyde,Combined,1.547106,0.6389694,4
197.04_0.624,DHA,Combined,4.3466578,1.008681,8
197.04_0.624,DHA,Isolation,0.4194143,10.260294,5
197.04_0.624,NaOH,Isolation,2.0211933,-0.12957709,4
197.04_0.624,formaldehyde,Combined,3.5313294,-0.58244896,8
197.04_0.624,glycolaldehyde,Combined,1.5878443,-0.8574189,4
197.04_0.669,DHA,Combined,7.969455,7.3304033,1
197.04_0.669,NaOH,Isolation,8.1634245,7.2282534,1
197.04_0.669,formaldehyde,Combined,8.226323,7.1629424,1
197.04_0.669,glycolaldehyde,Combined,8.157341,7.2372527,1
198.05_0.58,DHA,Combined,0.49082613,1.4259368,4
198.05_0.58,DHA,Isolation,0.84905344,6.360965,6
198.05_0.58,NaOH,Isolation,1.2211363,1.4710945,4
198.05_0.58,formaldehyde,Combined,1.2571979,1.7890265,4
198.05_0.58,glycolaldehyde,Combined,0.6891816,1.3803856,4
198.05_0.617,DHA,Combined,4.8835735,3.445612,3
198.05_0.617,DHA,Isolation,0.7534926,9.568701,5
198.05_0.617,NaOH,Isolation,4.708976,4.7624593,3
198.05_0.617,formaldehyde,Combined,5.523124,4.195747,3
198.05_0.617,formaldehyde,Isolation,-1.2152469,8.103888,7
198.05_0.617,glycolaldehyde,Isolation,1.0162866,6.077075,6
198.05_0.632,DHA,Combined,3.1841137,1.1543385,8
198.05_0.632,DHA,Isolation,0.801587,8.910064,5
198.05_0.632,NaOH,Isolation,2.0201726,-0.04126137,4
198.05_0.632,formaldehyde,Combined,1.9483122,1.4506919,4
198.05_0.632,glycolaldehyde,Combined,1.2816113,0.90582705,4
199.06_0.578,DHA,Combined,0.4213743,1.4617933,4
199.06_0.578,DHA,Isolation,0.67393285,6.0440288,6
199.06_0.578,NaOH,Isolation,1.6689792,1.2342285,4
199.06_0.578,formaldehyde,Combined,2.089188,6.403057,6
199.06_0.578,formaldehyde,Isolation,1.9854426,6.5714393,6
199.06_0.578,glycolaldehyde,Combined,0.70403457,1.401112,4
199.06_0.614,DHA,Combined,5.482568,4.9000435,3
199.06_0.614,DHA,Isolation,0.8525992,8.314669,5
199.06_0.614,NaOH,Isolation,6.1058574,5.4595933,1
199.06_0.614,formaldehyde,Combined,6.4646306,5.2664433,1
199.06_0.614,formaldehyde,Isolation,-0.5946534,8.167341,7
199.06_0.614,glycolaldehyde,Combined,6.407451,5.370217,1
199.06_0.614,glycolaldehyde,Isolation,1.0326374,6.0715823,6
199.06_0.628,DHA,Combined,4.56991,4.6505895,3
199.06_0.628,DHA,Isolation,0.43629983,5.8227587,6
199.06_0.628,NaOH,Isolation,4.5333195,4.6511664,3
199.06_0.628,formaldehyde,Combined,5.1428795,4.868893,3
199.06_0.628,formaldehyde,Isolation,0.84892064,8.194345,5
199.06_0.628,glycolaldehyde,Combined,4.5201435,4.6831098,3
199.06_0.628,glycolaldehyde,Isolation,0.7397642,5.9269323,6
199.06_0.664,DHA,Combined,7.176686,7.448983,1
199.06_0.664,DHA,Isolation,0.0055226474,5.48075,6
199.06_0.664,NaOH,Isolation,7.5646853,7.402702,1
199.06_0.664,formaldehyde,Combined,8.075459,6.8430076,1
199.06_0.664,formaldehyde,Isolation,-1.3563588,8.114417,7
199.06_0.664,glycolaldehyde,Combined,7.6912737,7.3438816,1
200.04_0.586,DHA,Combined,2.6084073,-0.9889456,2
200.04_0.586,DHA,Isolation,0.7338195,9.851397,5
200.04_0.586,NaOH,Isolation,2.289822,-1.9490505,2
200.04_0.586,formaldehyde,Combined,2.422941,-1.8019608,2
200.04_0.586,glycolaldehyde,Combined,2.2726426,-1.6073756,2
200.04_0.586,glycolaldehyde,Isolation,0.70151794,8.551013,5
200.04_0.614,DHA,Combined,4.4359913,1.2010096,8
200.04_0.614,DHA,Isolation,0.28859618,10.768104,5
200.04_0.614,NaOH,Isolation,2.2669299,0.08412257,4
200.04_0.614,formaldehyde,Combined,3.6278667,-0.47244787,8
200.04_0.614,formaldehyde,Isolation,-1.3277018,8.121679,7
200.04_0.614,glycolaldehyde,Combined,3.3142865,-1.5839062,2
200.06_0.554,DHA,Combined,2.0319161,-3.2129552,2
200.06_0.554,DHA,Isolation,0.6835969,5.7928705,6
200.06_0.554,NaOH,Isolation,2.0969887,-3.0377645,2
200.06_0.554,formaldehyde,Combined,1.5699843,-0.41425633,4
200.06_0.554,formaldehyde,Isolation,1.9703704,6.5755067,6
200.06_0.554,glycolaldehyde,Combined,1.8007371,-3.0953693,2
200.06_0.578,DHA,Combined,2.136934,0.7577054,4
200.06_0.578,DHA,Isolation,0.9554702,9.292044,5
200.06_0.578,NaOH,Isolation,1.5423068,0.8571268,4
200.06_0.578,formaldehyde,Combined,1.8402517,1.0232044,4
200.06_0.578,formaldehyde,Isolation,0.5492543,8.624501,5
200.06_0.578,glycolaldehyde,Combined,2.145971,0.7231099,4
200.06_0.578,glycolaldehyde,Isolation,0.7675968,8.728722,5
200.06_0.614,DHA,Combined,4.453844,1.1727583,8
200.06_0.614,DHA,Isolation,0.27727774,10.769071,5
200.06_0.614,NaOH,Isolation,2.2903464,0.09299884,4
200.06_0.614,formaldehyde,Combined,3.662109,-0.44778717,8
200.06_0.614,formaldehyde,Isolation,-1.2961898,8.111585,7
200.06_0.614,glycolaldehyde,Combined,3.2741067,-1.597572,2
200.06_0.628,DHA,Combined,4.4026465,1.0331347,8
200.06_0.628,DHA,Isolation,0.3234509,10.763873,5
200.06_0.628,NaOH,Isolation,1.9586722,-0.2766981,4
200.06_0.628,formaldehyde,Combined,3.2995896,-0.8851934,2
200.06_0.628,glycolaldehyde,Combined,2.8598363,-1.7882723,2
200.06_0.664,DHA,Combined,7.239813,7.443071,1
200.06_0.664,NaOH,Isolation,7.5765214,7.4257846,1
200.06_0.664,formaldehyde,Combined,8.035706,6.811242,1
200.06_0.664,formaldehyde,Isolation,-1.3711822,8.119297,7
200.06_0.664,glycolaldehyde,Combined,7.6229153,7.4195237,1
201.05_0.581,DHA,Combined,2.2046201,0.68614054,4
201.05_0.581,DHA,Isolation,0.5799517,9.481561,5
201.05_0.581,NaOH,Isolation,1.5325395,0.3170418,4
201.05_0.581,formaldehyde,Combined,1.4102907,0.65126085,4
201.05_0.581,formaldehyde,Isolation,0.85824627,8.1877165,5
201.05_0.581,glycolaldehyde,Combined,1.8236637,0.5414163,4
201.05_0.581,glycolaldehyde,Isolation,0.8719563,8.25833,5
201.05_0.614,DHA,Combined,4.421685,1.5614759,8
201.05_0.614,DHA,Isolation,0.4436484,10.463251,5
201.05_0.614,NaOH,Isolation,4.7160563,4.4708343,3
201.05_0.614,formaldehyde,Combined,3.8598673,-0.16289444,8
201.05_0.614,formaldehyde,Isolation,-0.8757761,8.149431,7
201.05_0.63,DHA,Combined,3.2993884,1.3648303,8
201.05_0.63,NaOH,Isolation,1.3604853,1.1882399,4
201.05_0.63,formaldehyde,Combined,2.1893525,1.3325331,4
201.05_0.63,glycolaldehyde,Combined,1.5235962,0.9890114,4
203.05_0.584,DHA,Combined,0.7950144,-0.8617837,2
203.05_0.584,DHA,Isolation,0.3305431,5.9630923,6
203.05_0.584,NaOH,Isolation,0.81349677,-0.9384655,2
203.05_0.584,formaldehyde,Combined,1.2907974,0.5079307,4
203.05_0.584,glycolaldehyde,Combined,1.8069354,0.5146655,4
203.05_0.632,DHA,Combined,7.0477967,7.132245,1
203.05_0.632,NaOH,Isolation,7.2094684,6.99449,1
203.05_0.632,formaldehyde,Combined,7.2306285,6.8539276,1
203.05_0.632,formaldehyde,Isolation,0.5976031,9.18502,5
203.05_0.632,glycolaldehyde,Combined,7.128373,7.1126986,1
203.05_0.668,DHA,Combined,7.4780273,6.034843,1
203.05_0.668,DHA,Isolation,1.1020881,9.745331,5
203.05_0.668,NaOH,Isolation,7.5961857,6.0166907,1
203.05_0.668,formaldehyde,Combined,7.77898,6.2196364,1
203.05_0.668,glycolaldehyde,Combined,7.697719,6.1768656,1
204.05_0.586,DHA,Combined,0.42063436,1.532023,4
204.05_0.586,DHA,Isolation,0.3116121,5.853483,6
204.05_0.586,NaOH,Isolation,3.222295,4.0296803,3
204.05_0.586,formaldehyde,Combined,3.225507,4.1475344,3
204.05_0.586,glycolaldehyde,Combined,3.1745656,4.0180564,3
204.05_0.623,DHA,Combined,4.004543,1.423616,8
204.05_0.623,DHA,Isolation,0.566758,9.288114,5
204.05_0.623,formaldehyde,Combined,2.3085349,1.9612771,4
204.05_0.665,DHA,Combined,7.418267,5.969557,1
204.05_0.665,DHA,Isolation,1.0817659,9.763503,5
204.05_0.665,NaOH,Isolation,7.603707,6.0526404,1
204.05_0.665,formaldehyde,Combined,7.764251,6.1685886,1
204.05_0.665,glycolaldehyde,Combined,7.618515,6.1210427,1
205.06_0.581,DHA,Combined,0.38940403,1.5524467,4
205.06_0.581,DHA,Isolation,0.4692953,5.9247417,6
205.06_0.581,NaOH,Isolation,1.3445047,1.6544064,4
205.06_0.581,formaldehyde,Combined,2.0768814,6.3186135,6
205.06_0.581,formaldehyde,Isolation,1.0518937,7.8408365,5
205.06_0.581,glycolaldehyde,Combined,0.60985297,1.4472216,4
205.06_0.62,DHA,Combined,4.8528705,3.468141,3
205.06_0.62,formaldehyde,Isolation,-0.81218034,8.158697,7
205.06_0.634,DHA,Combined,3.3242078,1.4068185,8
205.06_0.671,DHA,Combined,7.5689564,6.160959,1
205.06_0.671,NaOH,Isolation,7.7456365,6.289387,1
205.06_0.671,formaldehyde,Combined,7.914876,6.5321465,1
205.06_0.671,glycolaldehyde,Combined,7.7698426,6.346819,1
206.05_0.591,DHA,Combined,2.3524852,-1.2074386,2
206.05_0.591,DHA,Isolation,0.7674534,8.959229,5
206.05_0.591,NaOH,Isolation,1.2933892,-1.3487378,2
206.05_0.591,formaldehyde,Combined,1.5951669,-1.6144233,2
206.05_0.591,glycolaldehyde,Combined,1.1361252,-1.8420609,2
206.05_0.626,DHA,Combined,4.360876,1.015304,8
206.05_0.626,DHA,Isolation,0.38873225,10.649728,5
206.05_0.626,NaOH,Isolation,2.063105,-0.13892944,4
206.05_0.626,formaldehyde,Combined,3.3414636,-0.8011234,2
206.05_0.626,formaldehyde,Isolation,-1.2875211,8.108396,7
206.05_0.626,glycolaldehyde,Combined,2.5753007,-1.8852499,2
206.06_0.584,DHA,Combined,1.9103513,0.48220426,4
206.06_0.584,DHA,Isolation,0.82455957,8.2828865,5
206.06_0.584,NaOH,Isolation,1.1422064,-0.89601123,2
206.06_0.584,formaldehyde,Combined,1.2507255,0.52782196,4
206.06_0.584,formaldehyde,Isolation,0.9428423,8.005678,5
206.06_0.584,glycolaldehyde,Combined,0.83785826,-0.7525245,2
206.06_0.619,DHA,Combined,4.349214,1.1795238,8
206.06_0.619,DHA,Isolation,0.34266043,10.651012,5
206.06_0.619,NaOH,Isolation,2.2642543,0.083396316,4
206.06_0.619,formaldehyde,Combined,3.647531,-0.43579063,8
206.06_0.619,formaldehyde,Isolation,-1.2675093,8.09808,7
206.06_0.619,glycolaldehyde,Combined,3.3005087,-1.5846552,2
206.06_0.634,DHA,Combined,4.2991886,0.8583889,8
206.06_0.634,DHA,Isolation,0.54467505,10.470542,5
206.06_0.634,NaOH,Isolation,1.8798196,-0.36106077,4
206.06_0.634,formaldehyde,Combined,3.1582696,-1.0665241,2
206.06_0.634,glycolaldehyde,Combined,2.1851408,-2.5167646,2
206.06_0.671,DHA,Combined,7.478648,6.0929885,1
206.06_0.671,NaOH,Isolation,7.7919965,6.367167,1
206.06_0.671,formaldehyde,Combined,8.09721,6.8277445,1
206.06_0.671,glycolaldehyde,Combined,7.8621526,6.5599236,1
207.05_0.586,DHA,Combined,1.9131409,0.5121692,4
207.05_0.586,DHA,Isolation,0.87419105,9.127499,5
207.05_0.586,NaOH,Isolation,1.2952305,-0.793595,2
207.05_0.586,formaldehyde,Combined,1.2866548,0.623864,4
207.05_0.586,formaldehyde,Isolation,0.942809,7.9630632,5
207.05_0.586,glycolaldehyde,Combined,0.8363442,-0.7251082,2
207.05_0.62,DHA,Combined,4.866433,3.3743067,3
207.05_0.62,DHA,Isolation,0.8057242,9.897653,5
207.05_0.62,NaOH,Isolation,4.735516,4.5912395,3
207.05_0.62,formaldehyde,Combined,5.327496,4.0725775,3
207.05_0.62,formaldehyde,Isolation,-0.83051354,8.183887,7
207.05_0.62,glycolaldehyde,Isolation,1.029512,6.139104,6
207.05_0.636,DHA,Combined,3.1282487,1.1731172,8
207.05_0.636,DHA,Isolation,1.0223178,9.1746,5
207.05_0.636,NaOH,Isolation,1.3231717,0.8096053,4
207.05_0.636,formaldehyde,Combined,2.058392,1.4330266,4
207.05_0.636,glycolaldehyde,Combined,1.3327581,1.0842233,4
207.05_0.669,DHA,Combined,8.100482,7.277258,1
207.05_0.669,DHA,Isolation,0.09202015,5.714619,6
207.05_0.669,NaOH,Isolation,8.17985,7.2285776,1
207.05_0.669,formaldehyde,Combined,8.19767,7.1960135,1
207.05_0.669,glycolaldehyde,Combined,8.203725,7.214759,1
207.05_0.669,glycolaldehyde,Isolation,0.29672417,5.76035,6
207.05_0.685,DHA,Combined,7.780835,7.3991637,1
207.05_0.685,DHA,Isolation,-0.032412793,5.425447,6
207.05_0.685,NaOH,Isolation,7.675331,7.383864,1
207.05_0.685,formaldehyde,Combined,8.194993,7.089839,1
207.05_0.685,glycolaldehyde,Combined,7.8446846,7.363399,1
208.06_0.563,DHA,Combined,1.6501051,-3.0145757,2
208.06_0.563,NaOH,Isolation,1.6176705,-2.9276283,2
208.06_0.563,formaldehyde,Combined,2.215111,6.2858243,6
208.06_0.563,formaldehyde,Isolation,2.0019512,6.6943817,6
208.06_0.563,glycolaldehyde,Combined,1.3681048,-2.46636,2
208.06_0.585,DHA,Combined,0.43223366,1.3517689,4
208.06_0.585,DHA,Isolation,0.84319025,6.446673,6
208.06_0.585,NaOH,Isolation,1.009485,1.1225858,4
208.06_0.585,formaldehyde,Combined,1.2729026,1.7579058,4
208.06_0.585,formaldehyde,Isolation,1.0147719,7.828897,5
208.06_0.585,glycolaldehyde,Combined,0.709436,1.2600662,4
208.06_0.585,glycolaldehyde,Isolation,0.9648377,6.310658,6
208.06_0.619,DHA,Combined,4.634298,4.589477,3
208.06_0.619,DHA,Isolation,0.78798383,8.603254,5
208.06_0.619,formaldehyde,Combined,5.2118974,4.224396,3
208.06_0.619,formaldehyde,Isolation,-0.6654896,8.211297,7
208.06_0.619,glycolaldehyde,Isolation,1.0461316,6.134504,6
208.06_0.634,DHA,Combined,3.8984025,4.4843106,3
208.06_0.634,NaOH,Isolation,3.8292181,4.861753,3
208.06_0.634,formaldehyde,Combined,4.4162745,4.1656165,3
208.06_0.634,formaldehyde,Isolation,-0.7036213,8.20029,7
209.05_0.59,DHA,Combined,2.208138,-1.6232722,2
209.05_0.59,DHA,Isolation,0.5866136,9.38266,5
209.05_0.59,NaOH,Isolation,1.8104237,-2.665269,2
209.05_0.59,formaldehyde,Combined,2.3450363,-1.7235265,2
209.05_0.59,glycolaldehyde,Combined,2.4360802,-1.2458124,2
209.05_0.59,glycolaldehyde,Isolation,0.7101546,9.2618475,5
209.05_0.623,DHA,Combined,4.3568773,1.2001187,8
209.05_0.623,DHA,Isolation,0.46248606,10.281364,5
209.05_0.623,NaOH,Isolation,1.6715466,0.8220589,4
209.05_0.623,formaldehyde,Combined,3.637677,-0.411129,8
209.05_0.623,glycolaldehyde,Combined,3.3277295,-1.5559758,2
209.05_0.636,DHA,Combined,4.171914,0.76976234,8
209.05_0.636,DHA,Isolation,0.45276824,9.811126,5
209.05_0.636,NaOH,Isolation,2.404215,-1.9100883,2
209.05_0.636,formaldehyde,Combined,2.9782462,-1.1225581,2
209.05_0.636,glycolaldehyde,Combined,2.306545,-1.6219671,2
213.05_0.591,DHA,Combined,0.4799198,-1.2269846,2
213.05_0.591,DHA,Isolation,0.7260908,6.2905736,6
213.05_0.591,NaOH,Isolation,0.9354525,-0.7490845,2
213.05_0.591,formaldehyde,Combined,1.0371262,1.1981986,4
213.05_0.591,formaldehyde,Isolation,1.1097863,7.389016,5
213.05_0.591,glycolaldehyde,Combined,0.32472807,-0.7901828,2
213.05_0.626,DHA,Combined,3.5215175,1.6033204,8
213.05_0.626,DHA,Isolation,0.749852,8.704237,5
213.05_0.626,NaOH,Isolation,1.9398761,6.108156,6
213.05_0.626,formaldehyde,Combined,4.196081,4.0822926,3
213.05_0.626,formaldehyde,Isolation,-0.71154207,8.152206,7
213.05_0.626,glycolaldehyde,Isolation,1.0002735,6.0967827,6
213.05_0.642,DHA,Combined,1.6313262,0.5660459,4
213.05_0.642,NaOH,Isolation,1.4657565,-0.63015306,4
213.05_0.642,formaldehyde,Combined,1.2846853,0.6976396,4
213.05_0.642,glycolaldehyde,Combined,0.95358366,-0.64319396,2
214.06_0.567,formaldehyde,Isolation,2.0421464,6.5572147,6
214.06_0.587,DHA,Combined,0.4896757,1.4052191,4
214.06_0.587,DHA,Isolation,0.8540883,6.359453,6
214.06_0.587,NaOH,Isolation,0.8417776,1.3797491,4
214.06_0.587,formaldehyde,Combined,2.1031647,6.3221893,6
214.06_0.587,formaldehyde,Isolation,1.075029,7.7784157,5
214.06_0.587,glycolaldehyde,Combined,0.48965436,1.4524581,4
214.06_0.624,DHA,Combined,3.4217372,1.6084161,8
214.06_0.624,DHA,Isolation,0.69324243,8.846881,5
214.06_0.624,formaldehyde,Isolation,-0.6960102,8.1819,7
214.06_0.624,glycolaldehyde,Isolation,1.0115108,6.076305,6
214.06_0.636,DHA,Combined,3.347176,1.5358306,8
214.06_0.636,NaOH,Isolation,1.9606944,6.101536,6
214.06_0.636,formaldehyde,Combined,2.31049,1.9657688,4
214.06_0.636,formaldehyde,Isolation,-0.59641945,8.222284,7
214.06_0.636,glycolaldehyde,Isolation,1.038809,6.1131825,6
215.05_0.596,DHA,Combined,2.4600732,-1.1805696,2
215.05_0.596,DHA,Isolation,0.73982656,10.113151,5
215.05_0.596,NaOH,Isolation,1.949841,-2.8760848,2
215.05_0.596,formaldehyde,Combined,1.9271619,-2.8350832,2
215.05_0.596,glycolaldehyde,Combined,1.6704208,-2.718221,2
215.05_0.619,DHA,Combined,1.9664346,-3.6353106,2
215.05_0.619,DHA,Isolation,0.4591662,10.405464,5
215.05_0.619,NaOH,Isolation,1.9690658,-3.482185,2
215.05_0.619,formaldehyde,Combined,1.8830262,-3.788491,2
215.05_0.619,glycolaldehyde,Combined,1.9342266,-3.6342413,2
215.05_0.619,glycolaldehyde,Isolation,0.74181086,8.803269,5
215.05_0.633,DHA,Combined,4.3258934,0.7862726,8
215.05_0.633,DHA,Isolation,0.28751877,10.766999,5
215.05_0.633,NaOH,Isolation,2.1943996,-2.6604877,2
215.05_0.633,formaldehyde,Combined,2.2170503,-3.119876,2
215.05_0.633,formaldehyde,Isolation,-1.1999829,8.092411,7
215.05_0.633,glycolaldehyde,Combined,2.0211868,-3.035104,2
215.05_0.685,DHA,Combined,7.0613294,7.3325706,1
215.05_0.685,NaOH,Isolation,7.254752,7.336927,1
215.05_0.685,formaldehyde,Combined,7.901075,6.7578444,1
215.05_0.685,formaldehyde,Isolation,-0.9004622,8.066805,7
215.05_0.685,glycolaldehyde,Combined,7.3341446,7.2385674,1
216.06_0.592,DHA,Combined,2.241996,-0.64927703,2
216.06_0.592,DHA,Isolation,1.0251284,9.635902,5
216.06_0.592,NaOH,Isolation,1.2041163,-1.1764425,2
216.06_0.592,formaldehyde,Combined,1.2237614,-0.56177247,4
216.06_0.592,formaldehyde,Isolation,0.92186385,7.950161,5
216.06_0.592,glycolaldehyde,Combined,0.6052421,-1.2865664,2
216.06_0.626,DHA,Combined,3.666994,1.4747704,8
216.06_0.626,DHA,Isolation,0.74296117,10.04115,5
216.06_0.626,NaOH,Isolation,2.1355968,1.8623397,4
216.06_0.626,formaldehyde,Combined,3.6666098,-0.38187936,8
216.06_0.626,formaldehyde,Isolation,-0.99746853,8.113432,7
216.06_0.626,glycolaldehyde,Combined,1.9612961,1.6357194,4
216.06_0.626,glycolaldehyde,Isolation,1.0365453,6.1979356,6
216.06_0.642,DHA,Combined,3.1100163,1.0779494,8
216.06_0.642,DHA,Isolation,0.9415985,9.449382,5
216.06_0.642,NaOH,Isolation,1.3087149,0.7952849,4
216.06_0.642,formaldehyde,Combined,1.9294375,0.9089753,4
216.06_0.642,glycolaldehyde,Combined,1.3087958,0.7182413,4
216.06_0.689,DHA,Combined,7.0639567,7.2197275,1
216.06_0.689,NaOH,Isolation,7.273002,7.236504,1
216.06_0.689,formaldehyde,Combined,7.5056424,6.8331256,1
216.06_0.689,glycolaldehyde,Combined,7.2222476,7.183192,1
220.06_0.595,DHA,Combined,0.4739701,1.4514666,4
220.06_0.595,DHA,Isolation,0.6798641,6.237254,6
220.06_0.595,NaOH,Isolation,1.1922667,1.2142384,4
220.06_0.595,formaldehyde,Combined,1.2596203,1.7569886,4
220.06_0.595,formaldehyde,Isolation,0.9417597,7.915692,5
220.06_0.595,glycolaldehyde,Combined,0.7775975,1.3465047,4
220.06_0.632,DHA,Combined,3.6654124,1.4794905,8
220.06_0.632,DHA,Isolation,0.6791174,8.9743,5
220.06_0.632,formaldehyde,Combined,2.237756,1.8856814,4
220.06_0.632,formaldehyde,Isolation,-0.80825585,8.158831,7
220.06_0.632,glycolaldehyde,Isolation,1.0243067,6.1202474,6
220.06_0.644,DHA,Combined,5.9955893,5.2613626,1
220.06_0.644,DHA,Isolation,0.1461747,5.934735,6
220.06_0.644,NaOH,Isolation,6.583751,5.6807823,1
220.06_0.644,formaldehyde,Combined,5.680845,5.421179,1
220.06_0.644,formaldehyde,Isolation,0.68010026,10.312641,5
220.06_0.644,glycolaldehyde,Combined,6.6805673,5.2586293,1
220.06_0.644,glycolaldehyde,Isolation,0.97531396,6.2554946,6
221.05_0.6,DHA,Combined,2.0527697,-1.2268442,2
221.05_0.6,DHA,Isolation,1.1030425,9.311856,5
221.05_0.6,NaOH,Isolation,1.134599,-1.6650287,2
221.05_0.6,formaldehyde,Combined,1.2778275,-1.8892629,2
221.05_0.6,glycolaldehyde,Combined,0.7844039,-1.8386998,2
221.05_0.636,DHA,Combined,4.2297716,0.87938803,8
221.05_0.636,DHA,Isolation,0.68348175,10.278498,5
221.05_0.636,NaOH,Isolation,1.8233112,-0.34685346,4
221.05_0.636,formaldehyde,Combined,3.1947978,-0.96490896,2
221.05_0.636,formaldehyde,Isolation,-1.0053031,8.091239,7
221.05_0.636,glycolaldehyde,Combined,1.8824223,-1.34571,2
221.05_0.636,glycolaldehyde,Isolation,1.0765976,6.1997523,6
221.05_0.679,DHA,Combined,3.3888369,4.409595,3
221.05_0.679,NaOH,Isolation,5.9654264,5.235771,1
221.05_0.679,formaldehyde,Combined,5.6428146,4.2914305,3
221.05_0.679,glycolaldehyde,Combined,5.7689395,5.418923,1
221.05_0.679,glycolaldehyde,Isolation,0.5180299,10.239306,5
222.06_0.597,DHA,Combined,0.45914137,-1.6289114,2
222.06_0.597,NaOH,Isolation,1.1269039,-2.0399313,2
222.06_0.597,formaldehyde,Combined,1.3953912,-0.58422184,4
222.06_0.597,formaldehyde,Isolation,1.2974576,7.264009,6
222.06_0.597,glycolaldehyde,Combined,0.555492,-1.5317571,2
222.06_0.632,DHA,Combined,3.3638625,1.4664401,8
222.06_0.632,DHA,Isolation,0.74008447,8.724724,5
222.06_0.632,NaOH,Isolation,2.1649218,1.8944781,4
222.06_0.632,formaldehyde,Combined,2.2369268,1.8800173,4
222.06_0.632,formaldehyde,Isolation,-0.62914455,8.170154,7
222.06_0.632,glycolaldehyde,Combined,1.905909,1.7024493,4
222.06_0.632,glycolaldehyde,Isolation,1.0154339,6.1297693,6
222.06_0.648,DHA,Combined,0.8452778,-1.2950671,2
222.06_0.648,NaOH,Isolation,1.3391072,-1.2216386,2
222.06_0.648,formaldehyde,Combined,1.3162735,-0.5229236,4
222.06_0.648,glycolaldehyde,Combined,0.950387,-0.9756959,2
222.56_0.597,DHA,Combined,0.48529333,-1.683314,2
222.56_0.597,NaOH,Isolation,1.2193959,-2.1719415,2
222.56_0.597,formaldehyde,Combined,1.4419581,-0.6360972,4
222.56_0.597,formaldehyde,Isolation,1.3131496,7.155339,6
222.56_0.597,glycolaldehyde,Combined,0.66931075,-1.8008332,2
222.56_0.632,DHA,Combined,3.360642,1.480982,8
222.56_0.632,formaldehyde,Combined,2.196456,1.8237548,4
222.56_0.648,DHA,Combined,0.9292177,-1.6100996,2
222.56_0.648,NaOH,Isolation,1.5810419,-1.4887458,2
222.56_0.648,formaldehyde,Combined,1.3883349,-0.9857438,2
222.56_0.648,glycolaldehyde,Combined,1.3217217,-1.1778789,2
224.05_0.6,DHA,Combined,2.3256104,-1.3378562,2
224.05_0.6,DHA,Isolation,0.54694355,9.489813,5
224.05_0.6,NaOH,Isolation,1.4552048,-2.9150257,2
224.05_0.6,formaldehyde,Combined,2.2025504,-1.9083481,2
224.05_0.6,glycolaldehyde,Combined,2.071703,-1.5550656,2
224.05_0.6,glycolaldehyde,Isolation,0.8892177,9.007195,5
224.05_0.633,DHA,Combined,4.3081336,0.81113976,8
224.05_0.633,DHA,Isolation,0.35526684,10.321493,5
224.05_0.633,NaOH,Isolation,2.8306117,-1.76379,2
224.05_0.633,formaldehyde,Combined,3.1047022,-1.1446276,2
224.05_0.633,glycolaldehyde,Combined,2.554324,-1.6939595,2
224.05_0.648,DHA,Combined,2.4043295,-1.2734306,2
224.05_0.648,NaOH,Isolation,1.7528356,-2.8035812,2
224.05_0.648,formaldehyde,Combined,2.3394766,-1.7766588,2
224.05_0.648,glycolaldehyde,Combined,2.1393352,-1.5328021,2
227.05_0.602,DHA,Combined,0.5396059,-1.2878741,2
227.05_0.602,NaOH,Isolation,1.1358021,-0.86633134,2
227.05_0.602,formaldehyde,Combined,0.7850506,-0.7970444,2
227.05_0.602,formaldehyde,Isolation,0.8040792,7.953787,5
227.05_0.602,glycolaldehyde,Combined,0.55519265,-0.96684057,2
227.05_0.64,DHA,Combined,4.1051416,0.80145884,8
227.05_0.64,DHA,Isolation,0.93496025,9.751574,5
227.05_0.64,NaOH,Isolation,1.7458043,-0.40462777,4
227.05_0.64,formaldehyde,Combined,2.1652944,-1.6288574,2
227.05_0.64,formaldehyde,Isolation,-1.0359874,8.073972,7
227.05_0.64,glycolaldehyde,Combined,1.3271132,-1.1657634,2
227.05_0.64,glycolaldehyde,Isolation,1.0659277,6.193426,6
227.05_0.679,DHA,Combined,6.0265727,5.069468,1
227.05_0.679,DHA,Isolation,0.599036,7.764014,5
227.05_0.679,NaOH,Isolation,5.9974656,5.2463884,1
227.05_0.679,formaldehyde,Combined,6.761434,5.2317495,1
227.05_0.679,formaldehyde,Isolation,-0.7617522,8.115417,7
227.05_0.679,glycolaldehyde,Combined,6.4927135,5.2437043,1
227.05_0.679,glycolaldehyde,Isolation,0.751846,6.192493,6
227.05_0.691,DHA,Combined,6.526649,5.66419,1
227.05_0.691,NaOH,Isolation,6.5509458,5.716785,1
227.05_0.691,formaldehyde,Combined,7.469973,6.3551984,1
227.05_0.691,formaldehyde,Isolation,-0.81513226,8.109867,7
227.05_0.691,glycolaldehyde,Combined,6.648806,5.718096,1
227.05_0.725,DHA,Combined,7.147415,7.417785,1
227.05_0.725,NaOH,Isolation,7.3614807,7.363652,1
227.05_0.725,formaldehyde,Combined,8.046247,6.8335624,1
227.05_0.725,formaldehyde,Isolation,-1.2361889,8.080612,7
227.05_0.725,glycolaldehyde,Combined,7.4815655,7.387845,1
227.05_0.727,DHA,Combined,7.124612,7.410534,1
227.05_0.727,NaOH,Isolation,7.367403,7.38034,1
227.05_0.727,formaldehyde,Combined,8.024295,6.7893724,1
227.05_0.727,glycolaldehyde,Combined,7.489228,7.4146147,1
228.06_0.6,DHA,Combined,0.45551938,-1.392366,2
228.06_0.6,DHA,Isolation,0.91506124,7.946603,5
228.06_0.6,NaOH,Isolation,1.0244623,-1.1997306,2
228.06_0.6,formaldehyde,Combined,0.7690746,-0.51967275,4
228.06_0.6,formaldehyde,Isolation,0.9627893,7.9114122,5
228.06_0.6,glycolaldehyde,Combined,0.4632062,-1.1051421,2
228.06_0.636,DHA,Combined,3.189004,1.2438225,8
228.06_0.636,DHA,Isolation,0.8029567,9.050162,5
228.06_0.636,NaOH,Isolation,1.2896547,0.8910783,4
228.06_0.636,formaldehyde,Combined,2.042779,1.211415,4
228.06_0.636,formaldehyde,Isolation,-0.6611291,8.20527,7
228.06_0.636,glycolaldehyde,Combined,1.353554,0.4791328,4
228.06_0.636,glycolaldehyde,Isolation,1.0678723,6.256737,6
228.06_0.65,DHA,Combined,1.5393744,0.1362984,4
228.06_0.65,DHA,Isolation,0.8767312,8.458548,5
228.06_0.65,NaOH,Isolation,1.4534613,-0.79154307,4
228.06_0.65,formaldehyde,Combined,1.0508618,-0.39502373,4
228.06_0.65,formaldehyde,Isolation,0.45320615,8.254728,5
228.06_0.65,glycolaldehyde,Combined,1.1491163,-1.0369277,2
228.06_0.65,glycolaldehyde,Isolation,1.1143571,6.2278013,6
228.06_0.679,DHA,Combined,5.8930573,5.0179663,3
228.06_0.679,formaldehyde,Combined,6.7381287,5.2258325,1
228.06_0.692,DHA,Combined,6.5187407,5.709131,1
228.06_0.692,NaOH,Isolation,6.652427,5.7202907,1
228.06_0.692,formaldehyde,Combined,7.588576,6.4525485,1
228.06_0.692,glycolaldehyde,Combined,6.654792,5.7439666,1
229.07_0.597,DHA,Combined,0.50221467,1.3586886,4
229.07_0.597,DHA,Isolation,0.9800536,7.793179,5
229.07_0.597,NaOH,Isolation,0.81111825,1.2975744,4
229.07_0.597,formaldehyde,Combined,1.2903719,1.8768367,4
229.07_0.597,formaldehyde,Isolation,1.0608575,7.783822,5
229.07_0.597,glycolaldehyde,Combined,0.53845775,1.3775994,4
229.07_0.636,DHA,Combined,2.7924535,0.87510604,4
229.07_0.636,DHA,Isolation,0.7492895,8.736511,5
229.07_0.636,formaldehyde,Combined,2.0961094,1.5070106,4
229.07_0.636,formaldehyde,Isolation,-0.77646023,8.126847,7
229.07_0.65,DHA,Combined,1.2121508,0.5637612,4
229.07_0.65,NaOH,Isolation,1.2373708,-0.8176881,2
229.07_0.65,formaldehyde,Combined,1.3157572,0.5913006,4
229.07_0.65,glycolaldehyde,Combined,1.1394541,-0.84617484,2
229.07_0.692,DHA,Combined,6.2470484,5.228152,1
229.07_0.692,NaOH,Isolation,6.097354,5.424776,1
229.07_0.692,formaldehyde,Combined,6.8195143,5.2698326,1
229.07_0.692,formaldehyde,Isolation,-0.6273398,8.181303,7
229.07_0.692,glycolaldehyde,Combined,6.536055,5.503529,1
229.07_0.707,DHA,Combined,5.8515897,5.184711,1
229.07_0.707,NaOH,Isolation,5.796379,5.2771816,1
229.07_0.707,formaldehyde,Combined,6.7234683,5.2213454,1
229.07_0.707,glycolaldehyde,Combined,5.932989,5.2959948,1
230.05_0.606,DHA,Combined,2.2968867,-1.2092197,2
230.05_0.606,DHA,Isolation,0.98074955,9.8757715,5
230.05_0.606,NaOH,Isolation,1.5555478,-2.902875,2
230.05_0.606,formaldehyde,Combined,1.6924257,-2.8446345,2
230.05_0.606,glycolaldehyde,Combined,1.4346474,-2.6713483,2
230.05_0.64,DHA,Combined,4.2270503,0.84129316,8
230.05_0.64,DHA,Isolation,0.586268,10.525519,5
230.05_0.64,NaOH,Isolation,2.47118,-1.7533733,2
230.05_0.64,formaldehyde,Combined,2.9653518,-1.3450758,2
230.05_0.64,formaldehyde,Isolation,-0.8388617,8.11842,7
230.05_0.64,glycolaldehyde,Combined,2.547803,-1.8503475,2
230.05_0.654,DHA,Combined,2.3866837,-1.1781543,2
230.05_0.654,DHA,Isolation,0.77692664,10.212377,5
230.05_0.654,NaOH,Isolation,1.8723496,-2.9602032,2
230.05_0.654,formaldehyde,Combined,1.9925257,-2.9389164,2
230.05_0.654,glycolaldehyde,Combined,1.57489,-2.7734199,2
230.05_0.692,DHA,Combined,6.2587605,5.1970625,1
230.05_0.692,NaOH,Isolation,5.9519596,5.4028683,1
230.05_0.692,formaldehyde,Combined,6.739386,5.2268276,1
230.05_0.692,glycolaldehyde,Combined,6.504682,5.499748,1
230.05_0.707,DHA,Combined,5.9018455,5.1995635,1
230.05_0.707,NaOH,Isolation,5.716847,5.206782,1
230.05_0.707,formaldehyde,Combined,6.7127233,5.2312245,1
230.05_0.707,glycolaldehyde,Combined,5.878433,5.3102837,1
231.06_0.602,DHA,Combined,0.35716903,-1.597996,2
231.06_0.602,DHA,Isolation,1.1153485,9.20526,5
231.06_0.602,NaOH,Isolation,0.8509169,-1.7458272,2
231.06_0.602,formaldehyde,Combined,0.84168994,-1.1930265,2
231.06_0.602,formaldehyde,Isolation,1.0213015,7.8258786,5
231.06_0.602,glycolaldehyde,Combined,0.32323715,-1.4970363,2
231.06_0.636,DHA,Combined,3.0638578,0.9890452,8
231.06_0.636,DHA,Isolation,1.0544214,9.542047,5
231.06_0.636,NaOH,Isolation,1.3109457,0.7894226,4
231.06_0.636,formaldehyde,Combined,3.2560523,-0.8027062,2
231.06_0.636,formaldehyde,Isolation,-0.76689315,8.130887,7
231.06_0.636,glycolaldehyde,Combined,1.3979111,0.373777,4
231.06_0.636,glycolaldehyde,Isolation,1.035422,6.2330914,6
231.06_0.652,DHA,Combined,2.05885,-0.98262465,2
231.06_0.652,NaOH,Isolation,1.1663152,-1.4978131,2
231.06_0.652,formaldehyde,Combined,1.8162985,-1.6813883,2
231.06_0.652,glycolaldehyde,Combined,0.7693688,-1.7362185,2
231.06_0.689,DHA,Combined,6.377761,5.4334426,1
231.06_0.689,NaOH,Isolation,6.622342,5.6535497,1
231.06_0.689,formaldehyde,Combined,6.699105,5.6528955,1
231.06_0.689,formaldehyde,Isolation,0.74793345,8.439046,5
231.06_0.689,glycolaldehyde,Combined,6.5792174,5.4758167,1
233.06_0.605,DHA,Combined,0.60531545,-0.98154193,2
233.06_0.605,NaOH,Isolation,1.0270023,-1.2328458,2
233.06_0.605,formaldehyde,Combined,0.91626066,-0.092249475,4
233.06_0.605,glycolaldehyde,Combined,0.6327008,-0.7684885,2
233.06_0.657,DHA,Combined,5.8640127,5.1120043,1
233.06_0.657,NaOH,Isolation,6.1099014,5.252792,1
233.06_0.657,formaldehyde,Combined,5.8229065,5.3923364,1
233.06_0.657,formaldehyde,Isolation,1.9339696,6.7344604,6
233.06_0.657,glycolaldehyde,Combined,5.9417043,5.239719,1
233.06_0.699,DHA,Combined,3.1626427,4.411608,3
233.06_0.699,DHA,Isolation,1.0690331,9.845754,5
233.06_0.699,NaOH,Isolation,2.892305,4.3062143,3
233.06_0.699,formaldehyde,Combined,7.738681,5.993016,1
233.06_0.699,glycolaldehyde,Combined,3.0220764,4.356513,3
234.02_0.59,DHA,Combined,1.443588,1.2835337,4
234.02_0.59,DHA,Isolation,-0.008417057,5.3888054,6
234.02_0.59,NaOH,Isolation,2.0794992,1.4316064,4
234.02_0.59,formaldehyde,Combined,1.2948049,1.6949757,4
234.02_0.59,formaldehyde,Isolation,0.2868198,5.936204,6
234.02_0.59,glycolaldehyde,Combined,2.0303292,1.280894,4
234.02_0.59,glycolaldehyde,Isolation,0.37336075,8.681076,5
234.02_0.597,DHA,Combined,1.5249637,1.0666996,4
234.02_0.597,DHA,Isolation,0.2397482,5.8794713,6
234.02_0.597,NaOH,Isolation,2.0178223,1.5508327,4
234.02_0.597,formaldehyde,Combined,1.2203099,1.5546103,4
234.02_0.597,formaldehyde,Isolation,0.2925798,6.037589,6
234.02_0.597,glycolaldehyde,Combined,1.9645594,1.3375202,4
234.02_0.608,DHA,Combined,1.505791,0.9306956,4
234.02_0.608,NaOH,Isolation,1.3768028,1.4058542,4
234.02_0.608,formaldehyde,Combined,1.1482782,1.45965,4
234.02_0.608,glycolaldehyde,Combined,1.2417325,1.035649,4
234.02_0.629,DHA,Combined,3.4508839,1.4707699,8
234.02_0.629,DHA,Isolation,0.42015234,9.917626,5
234.02_0.629,NaOH,Isolation,2.2596617,1.9484205,4
234.02_0.629,formaldehyde,Combined,2.0274675,1.7329941,4
234.02_0.629,glycolaldehyde,Combined,2.146233,1.8394467,4
236.06_0.608,DHA,Combined,0.37262467,-1.625298,2
236.06_0.608,DHA,Isolation,1.0616796,9.131922,5
236.06_0.608,NaOH,Isolation,0.9975202,-1.7003093,2
236.06_0.608,formaldehyde,Combined,0.9945215,-1.5116404,2
236.06_0.608,formaldehyde,Isolation,0.91408676,7.924041,5
236.06_0.608,glycolaldehyde,Combined,0.45952594,-1.6327776,2
236.06_0.644,DHA,Combined,2.4877057,-0.7368594,2
236.06_0.644,DHA,Isolation,1.0175166,9.761269,5
236.06_0.644,NaOH,Isolation,1.4768661,-0.7038113,4
236.06_0.644,formaldehyde,Combined,1.8866543,-1.6190863,2
236.06_0.644,formaldehyde,Isolation,-0.7649126,8.088878,7
236.06_0.644,glycolaldehyde,Combined,1.227239,-1.3758538,2
236.06_0.644,glycolaldehyde,Isolation,1.0246327,6.173326,6
236.06_0.657,DHA,Combined,2.2977288,-1.1382012,2
236.06_0.657,DHA,Isolation,1.1295036,9.454186,5
236.06_0.657,NaOH,Isolation,1.1962644,-1.5937668,2
236.06_0.657,formaldehyde,Combined,1.5244315,-2.237134,2
236.06_0.657,glycolaldehyde,Combined,0.9399021,-1.7899628,2
236.06_0.701,DHA,Isolation,-0.088562004,5.328674,6
236.06_0.701,NaOH,Isolation,4.9980297,4.3370943,3
236.06_0.732,DHA,Combined,7.0777726,7.4431334,1
236.06_0.732,NaOH,Isolation,7.2347903,7.241501,1
236.06_0.732,formaldehyde,Combined,7.3181176,7.057988,1
236.06_0.732,glycolaldehyde,Combined,7.2535024,7.273086,1
237.06_0.606,DHA,Combined,-0.09857571,-1.2482446,2
237.06_0.606,DHA,Isolation,1.099226,9.122869,5
237.06_0.606,NaOH,Isolation,0.0653085,-1.1329476,2
237.06_0.606,formaldehyde,Combined,0.2731984,-0.5211947,2
237.06_0.606,formaldehyde,Isolation,1.1357739,7.676902,5
237.06_0.606,glycolaldehyde,Combined,-0.045828197,-1.2032205,2
237.06_0.64,DHA,Combined,3.2213628,1.2768881,8
237.06_0.64,DHA,Isolation,1.0529143,9.549285,5
237.06_0.64,NaOH,Isolation,1.2207708,1.4329386,4
237.06_0.64,formaldehyde,Combined,1.9834722,1.1798285,4
237.06_0.64,formaldehyde,Isolation,-0.45892423,8.284913,7
237.06_0.64,glycolaldehyde,Combined,1.2219979,1.3215835,4
237.06_0.64,glycolaldehyde,Isolation,1.0366981,6.1287003,6
237.06_0.655,DHA,Combined,1.3378892,0.12010488,4
237.06_0.655,NaOH,Isolation,0.23089102,-0.98899055,2
237.06_0.655,formaldehyde,Combined,0.8511542,0.25773513,4
237.06_0.655,glycolaldehyde,Combined,0.046472505,-1.0767504,2
237.06_0.705,DHA,Combined,7.0379405,7.2471123,1
237.06_0.705,DHA,Isolation,0.10086626,5.9171114,6
237.06_0.705,NaOH,Isolation,7.2747803,7.0688124,1
237.06_0.705,formaldehyde,Combined,7.912581,6.756985,1
237.06_0.705,glycolaldehyde,Combined,7.3739533,7.060821,1
239.06_0.608,DHA,Combined,2.1313088,-0.77905166,2
239.06_0.608,DHA,Isolation,0.9822167,9.798694,5
239.06_0.608,NaOH,Isolation,0.9346982,-2.0109313,2
239.06_0.608,formaldehyde,Combined,0.8716402,-1.0781468,2
239.06_0.608,formaldehyde,Isolation,1.1354172,7.678812,5
239.06_0.608,glycolaldehyde,Combined,0.32484138,-1.4481295,2
239.06_0.644,DHA,Combined,4.2050037,0.89717937,8
239.06_0.644,DHA,Isolation,0.75066024,10.165752,5
239.06_0.644,NaOH,Isolation,1.5074375,0.7009629,4
239.06_0.644,formaldehyde,Combined,3.1026921,-1.1091702,2
239.06_0.644,glycolaldehyde,Combined,1.5380722,0.8419766,4
239.06_0.658,DHA,Combined,2.3256056,-0.72466403,2
239.06_0.658,DHA,Isolation,0.7665987,10.176095,5
239.06_0.658,NaOH,Isolation,1.2699153,-2.129308,2
239.06_0.658,formaldehyde,Combined,2.3011124,-1.6993744,2
239.06_0.658,glycolaldehyde,Combined,0.74675506,-1.516129,2
239.06_0.692,DHA,Combined,6.5633383,5.5929503,1
239.06_0.692,DHA,Isolation,0.20725551,6.05648,6
239.06_0.692,NaOH,Isolation,6.735543,5.808393,1
239.06_0.692,formaldehyde,Combined,7.161809,6.7233067,1
239.06_0.692,formaldehyde,Isolation,0.66702604,8.7887,5
239.06_0.692,glycolaldehyde,Combined,6.913802,5.807909,1
239.06_0.708,DHA,Combined,7.1269116,7.3379707,1
239.06_0.708,NaOH,Isolation,7.3179135,7.1327696,1
239.06_0.708,formaldehyde,Combined,7.948047,6.7704477,1
239.06_0.708,formaldehyde,Isolation,-0.53192824,8.209677,7
239.06_0.708,glycolaldehyde,Combined,7.4148517,7.2019196,1
239.06_0.724,DHA,Combined,7.1774173,7.422778,1
239.06_0.724,DHA,Isolation,0.12707455,5.8010936,6
239.06_0.724,NaOH,Isolation,7.3983665,7.3487606,1
239.06_0.724,formaldehyde,Combined,7.960287,6.7404003,1
239.06_0.724,glycolaldehyde,Combined,7.496044,7.4076457,1
241.03_0.597,DHA,Combined,0.318958,5.2877364,6
241.03_0.597,DHA,Isolation,-0.07062188,5.3172398,6
241.03_0.597,NaOH,Isolation,5.6828284,4.455683,3
241.03_0.597,formaldehyde,Combined,4.6459694,5.084019,3
241.03_0.597,formaldehyde,Isolation,0.83062327,6.3177886,6
241.03_0.597,glycolaldehyde,Combined,5.705729,4.4329596,3
241.03_0.611,DHA,Combined,0.47412494,1.4900084,4
241.03_0.611,DHA,Isolation,0.7081741,6.2270966,6
241.03_0.611,NaOH,Isolation,1.2840192,1.7234434,4
241.03_0.611,formaldehyde,Combined,1.2861046,1.8333185,4
241.03_0.611,formaldehyde,Isolation,0.8811966,7.38796,5
241.03_0.611,glycolaldehyde,Combined,1.1507012,1.6718103,4
241.03_0.611,glycolaldehyde,Isolation,0.95006,6.311614,6
241.03_0.632,DHA,Combined,4.320539,4.4101205,3
241.03_0.632,NaOH,Isolation,4.5661345,4.6161265,3
241.03_0.632,formaldehyde,Combined,4.1568575,4.78576,3
241.03_0.632,glycolaldehyde,Combined,4.495664,4.538497,3
241.03_0.767,DHA,Combined,6.365775,5.8679886,1
241.03_0.767,NaOH,Isolation,8.004971,6.8351426,1
241.03_0.767,formaldehyde,Combined,8.052075,6.7850842,1
241.03_0.767,glycolaldehyde,Combined,7.499612,7.439551,1
243.06_0.61,DHA,Combined,0.4977189,-1.597019,2
243.06_0.61,DHA,Isolation,0.9044084,8.126473,5
243.06_0.61,NaOH,Isolation,1.144831,-1.4803998,2
243.06_0.61,formaldehyde,Combined,1.1197565,-1.2426827,2
243.06_0.61,formaldehyde,Isolation,0.78926724,8.104881,5
243.06_0.61,glycolaldehyde,Combined,0.5891471,-1.6150507,2
243.06_0.61,glycolaldehyde,Isolation,1.0527159,6.3610272,6
243.06_0.646,DHA,Combined,2.7828336,-0.7359818,2
243.06_0.646,DHA,Isolation,0.72204435,9.129045,5
243.06_0.646,NaOH,Isolation,1.3793762,-0.9991447,2
243.06_0.646,formaldehyde,Combined,1.9354279,-1.75373,2
243.06_0.646,formaldehyde,Isolation,-0.70434964,8.19032,7
243.06_0.646,glycolaldehyde,Combined,1.5435041,-1.3640392,2
243.06_0.646,glycolaldehyde,Isolation,1.0599191,6.2201805,6
243.06_0.658,DHA,Combined,2.297022,-1.1216586,2
243.06_0.658,NaOH,Isolation,1.2381294,-1.4969438,2
243.06_0.658,formaldehyde,Combined,1.8770684,-1.8865509,2
243.06_0.658,formaldehyde,Isolation,-0.6227139,8.2711315,7
243.06_0.658,glycolaldehyde,Combined,1.1850679,-1.5484356,2
243.06_0.708,DHA,Combined,7.1896515,6.945611,1
243.06_0.708,NaOH,Isolation,7.2099094,6.9785357,1
243.06_0.708,formaldehyde,Combined,7.232727,6.9148192,1
243.06_0.708,formaldehyde,Isolation,0.89370877,8.194786,5
243.06_0.708,glycolaldehyde,Combined,7.2504573,6.824101,1
243.06_0.708,glycolaldehyde,Isolation,0.8511013,8.298502,5
245.06_0.615,DHA,Combined,0.4569052,-1.7600914,2
245.06_0.615,DHA,Isolation,1.1207222,9.304578,5
245.06_0.615,NaOH,Isolation,1.3133739,-2.8633194,2
245.06_0.615,formaldehyde,Combined,1.3465697,-2.509048,2
245.06_0.615,glycolaldehyde,Combined,0.6898021,-1.9098836,2
245.06_0.65,DHA,Combined,2.4671044,-1.294631,2
245.06_0.65,DHA,Isolation,1.0160134,9.837736,5
245.06_0.65,NaOH,Isolation,1.9288332,-2.900038,2
245.06_0.65,formaldehyde,Combined,2.0006695,-2.9282818,2
245.06_0.65,glycolaldehyde,Combined,1.7378181,-2.8194644,2
245.06_0.664,DHA,Combined,1.404789,-2.74051,2
245.06_0.664,DHA,Isolation,1.0866079,9.63248,5
245.06_0.664,NaOH,Isolation,1.4550472,-2.9946516,2
245.06_0.664,formaldehyde,Combined,1.5760578,-3.055723,2
245.06_0.664,glycolaldehyde,Combined,1.3706462,-2.7779777,2
245.06_0.695,DHA,Combined,1.8081998,0.41521838,4
245.06_0.695,DHA,Isolation,0.9241068,9.0577755,5
245.06_0.695,NaOH,Isolation,1.2461652,-1.1373093,2
245.06_0.695,formaldehyde,Combined,1.6827619,0.5253095,4
245.06_0.695,formaldehyde,Isolation,0.7294342,8.320219,5
245.06_0.695,glycolaldehyde,Combined,4.2341614,0.86780804,8
245.06_0.695,glycolaldehyde,Isolation,0.715146,9.504282,5
245.06_0.719,DHA,Combined,2.0869787,-1.1363326,2
245.06_0.719,NaOH,Isolation,1.318236,-1.3202577,2
245.06_0.719,formaldehyde,Combined,1.8936244,-1.6050633,2
245.06_0.719,glycolaldehyde,Combined,1.8978931,-1.4780912,2
245.06_0.762,DHA,Combined,7.0742636,7.441261,1
245.06_0.762,NaOH,Isolation,7.4187145,7.388891,1
245.06_0.762,formaldehyde,Combined,7.9818983,6.7723565,1
245.06_0.762,glycolaldehyde,Combined,7.451985,7.438025,1
246.07_0.611,DHA,Combined,-0.14103691,-1.2064548,2
246.07_0.611,DHA,Isolation,1.1459324,9.31722,5
246.07_0.611,NaOH,Isolation,0.07747838,-1.147395,2
246.07_0.611,formaldehyde,Combined,0.20837936,-0.57688487,2
246.07_0.611,formaldehyde,Isolation,1.1327748,7.686021,5
246.07_0.611,glycolaldehyde,Combined,-0.07425599,-1.2375406,2
246.07_0.661,DHA,Combined,1.3555738,0.069194876,4
246.07_0.661,DHA,Isolation,1.0983863,9.538888,5
246.07_0.661,NaOH,Isolation,0.86761165,-1.5358572,2
246.07_0.661,formaldehyde,Combined,0.71013016,-1.0830787,2
246.07_0.661,glycolaldehyde,Combined,0.10949265,-1.1528953,2
246.07_0.719,DHA,Combined,2.1227248,-1.2158237,2
246.07_0.719,NaOH,Isolation,1.3727884,-1.3977593,2
246.07_0.719,formaldehyde,Combined,1.8514403,-1.6077139,2
246.07_0.719,glycolaldehyde,Combined,2.0774648,-1.492954,2
249.03_0.605,DHA,Combined,3.8175313,4.091827,3
249.03_0.605,NaOH,Isolation,3.9893274,4.1552844,3
249.03_0.605,formaldehyde,Combined,3.9231415,4.6243205,3
249.03_0.605,glycolaldehyde,Combined,3.9664557,4.110228,3
249.03_0.617,DHA,Combined,1.6229523,0.556088,4
249.03_0.617,DHA,Isolation,0.8605734,8.185147,5
249.03_0.617,NaOH,Isolation,1.1735181,1.3382928,4
249.03_0.617,formaldehyde,Combined,1.056941,1.3804392,4
249.03_0.617,glycolaldehyde,Combined,1.0027019,1.1318707,4
249.03_0.634,DHA,Combined,3.3292382,1.434413,8
249.03_0.634,DHA,Isolation,0.49971062,9.580439,5
249.03_0.634,NaOH,Isolation,2.1258688,1.8789886,4
249.03_0.634,formaldehyde,Combined,1.9033505,1.7251571,4
249.03_0.634,glycolaldehyde,Combined,2.128843,1.8083856,4
249.03_0.7,DHA,Combined,3.674728,5.283589,3
249.03_0.7,formaldehyde,Combined,2.2470827,6.50961,6
249.03_0.7,glycolaldehyde,Combined,3.6534739,5.3078012,3
249.03_0.736,DHA,Combined,6.5410557,5.7737164,1
249.03_0.736,DHA,Isolation,0.007167963,5.4734144,6
249.03_0.736,NaOH,Isolation,7.1494813,6.439697,1
249.03_0.736,formaldehyde,Combined,7.597857,6.4922132,1
249.03_0.736,formaldehyde,Isolation,-1.1431775,8.062499,7
249.03_0.736,glycolaldehyde,Combined,7.2103972,6.4750333,1
249.03_0.757,DHA,Combined,7.1189723,7.3713255,1
249.03_0.757,NaOH,Isolation,7.462624,7.375821,1
249.03_0.757,formaldehyde,Combined,7.998526,6.766874,1
249.03_0.757,glycolaldehyde,Combined,7.5269637,7.374408,1
249.09_0.614,DHA,Combined,1.7052389,0.7901457,4
249.09_0.614,DHA,Isolation,0.8733986,8.099259,5
249.09_0.614,NaOH,Isolation,1.166595,1.3488156,4
249.09_0.614,formaldehyde,Combined,1.1570603,1.4932799,4
249.09_0.614,glycolaldehyde,Combined,1.1299702,1.1959833,4
249.09_0.683,DHA,Combined,7.09107,7.4777017,1
249.09_0.683,DHA,Isolation,0.6209044,5.7892437,6
249.09_0.683,NaOH,Isolation,7.3790026,6.9239683,1
249.09_0.683,formaldehyde,Combined,6.0346146,5.7338743,1
249.09_0.683,formaldehyde,Isolation,0.69455796,9.477221,5
249.09_0.683,glycolaldehyde,Combined,7.2356243,7.382349,1
249.09_0.727,DHA,Combined,7.1102324,7.052559,1
249.09_0.727,DHA,Isolation,-0.05942898,5.388852,6
249.09_0.727,NaOH,Isolation,7.5178533,6.5216637,1
249.09_0.727,formaldehyde,Combined,7.92211,6.7347465,1
249.09_0.727,formaldehyde,Isolation,-1.1674458,8.059509,7
249.09_0.727,glycolaldehyde,Combined,7.694104,6.6323113,1
249.09_0.727,glycolaldehyde,Isolation,0.34887162,5.939538,6
251.06_0.617,DHA,Combined,0.3613501,-1.6233697,2
251.06_0.617,DHA,Isolation,1.1590871,9.477316,5
251.06_0.617,NaOH,Isolation,0.93218374,-2.0335777,2
251.06_0.617,formaldehyde,Combined,1.077268,-2.1065063,2
251.06_0.617,formaldehyde,Isolation,0.9197581,7.938171,5
251.06_0.617,glycolaldehyde,Combined,0.54448503,-1.8148949,2
251.06_0.654,DHA,Combined,2.3520586,-0.8054711,2
251.06_0.654,DHA,Isolation,1.0398179,9.796045,5
251.06_0.654,NaOH,Isolation,1.2048429,-1.409574,2
251.06_0.654,formaldehyde,Combined,1.8458894,-1.6581811,2
251.06_0.654,glycolaldehyde,Combined,0.8594786,-1.773294,2
251.06_0.668,DHA,Combined,2.0793943,-1.0068837,2
251.06_0.668,DHA,Isolation,1.1151853,9.1968975,5
251.06_0.668,NaOH,Isolation,1.117972,-1.7887294,2
251.06_0.668,formaldehyde,Combined,1.0771816,-2.2959862,2
251.06_0.668,glycolaldehyde,Combined,0.64037365,-1.8538574,2
251.06_0.713,DHA,Combined,7.0154114,6.5789824,1
251.06_0.713,NaOH,Isolation,7.229573,6.9981976,1
251.06_0.713,formaldehyde,Combined,7.3065014,6.7756863,1
251.06_0.713,formaldehyde,Isolation,0.71265495,8.743758,5
251.06_0.713,glycolaldehyde,Combined,7.457679,6.934342,1
251.06_0.73,DHA,Combined,7.4356318,7.457657,1
251.06_0.73,NaOH,Isolation,7.635266,7.383717,1
251.06_0.73,formaldehyde,Combined,8.02291,6.7679667,1
251.06_0.73,glycolaldehyde,Combined,7.723167,7.3605757,1
252.07_0.614,DHA,Combined,-0.056622602,-1.2487104,2
252.07_0.614,DHA,Isolation,1.123559,9.196767,5
252.07_0.614,NaOH,Isolation,0.14822091,-1.0888357,2
252.07_0.614,formaldehyde,Combined,0.31618148,-0.45347142,2
252.07_0.614,formaldehyde,Isolation,1.1142261,7.7013607,5
252.07_0.614,glycolaldehyde,Combined,-0.056777857,-1.1975484,2
252.07_0.648,DHA,Combined,3.2610478,1.3294839,8
252.07_0.648,DHA,Isolation,0.8209222,9.663123,5
252.07_0.648,NaOH,Isolation,1.4184374,1.4457366,4
252.07_0.648,formaldehyde,Combined,2.0699365,0.945368,4
252.07_0.648,glycolaldehyde,Combined,1.4648049,0.9783786,4
252.07_0.664,DHA,Combined,1.5037342,0.17601767,4
252.07_0.664,DHA,Isolation,1.099645,9.329598,5
252.07_0.664,NaOH,Isolation,1.1552258,-0.9377686,2
252.07_0.664,formaldehyde,Combined,1.6436808,0.3858719,4
252.07_0.664,glycolaldehyde,Combined,0.8698359,-0.89197576,2
260.07_0.623,DHA,Combined,-0.1263155,-1.2818776,2
260.07_0.623,DHA,Isolation,1.0723692,9.804477,5
260.07_0.623,NaOH,Isolation,0.008933679,-1.4936754,2
260.07_0.623,formaldehyde,Combined,0.19704978,-0.61715716,2
260.07_0.623,glycolaldehyde,Combined,-0.10108428,-1.3292739,2
260.07_0.658,DHA,Combined,1.3402762,0.12731813,4
260.07_0.658,DHA,Isolation,1.0381199,9.938915,5
260.07_0.658,NaOH,Isolation,0.028447567,-1.0767956,2
260.07_0.658,formaldehyde,Combined,0.20434022,-0.5741088,2
260.07_0.658,glycolaldehyde,Combined,-0.023648215,-1.1117674,2
260.07_0.672,DHA,Combined,-0.12868014,-1.2213863,2
260.07_0.672,DHA,Isolation,1.0644851,9.810609,5
260.07_0.672,NaOH,Isolation,-0.049250696,-1.4219832,2
260.07_0.672,formaldehyde,Combined,0.19914377,-0.6057949,2
260.07_0.672,glycolaldehyde,Combined,-0.10586234,-1.3290823,2
260.07_0.724,DHA,Combined,1.0482929,9.1224985,5
260.07_0.724,NaOH,Isolation,4.314658,4.474956,3
260.07_0.724,formaldehyde,Combined,5.568104,4.2580795,3
260.07_0.724,glycolaldehyde,Combined,4.150785,4.327955,3
263.07_0.624,DHA,Combined,0.6503117,-1.3531246,2
263.07_0.624,NaOH,Isolation,0.9572819,-0.9622679,2
263.07_0.624,formaldehyde,Combined,1.1538097,0.49211884,4
263.07_0.624,glycolaldehyde,Combined,0.6979607,-0.65659666,2
263.07_0.685,DHA,Combined,6.1352205,5.2739043,1
263.07_0.685,NaOH,Isolation,6.5571766,5.6768413,1
263.07_0.685,formaldehyde,Combined,5.930938,5.632711,1
263.07_0.685,formaldehyde,Isolation,2.0771308,6.429551,6
263.07_0.685,glycolaldehyde,Combined,6.0071025,5.273333,1
263.07_0.722,DHA,Combined,3.1425557,4.4116197,3
263.07_0.722,DHA,Isolation,0.3916807,10.686093,5
263.07_0.722,NaOH,Isolation,2.9182904,4.2869925,3
263.07_0.722,formaldehyde,Combined,2.9879096,4.2575397,3
263.07_0.722,formaldehyde,Isolation,1.1278993,7.694728,5
263.07_0.722,glycolaldehyde,Combined,3.044061,4.289342,3
263.07_0.738,DHA,Combined,3.2174292,4.4307976,3
263.07_0.738,NaOH,Isolation,7.30178,5.84969,1
263.07_0.738,formaldehyde,Combined,7.722801,6.042588,1
263.07_0.738,glycolaldehyde,Combined,7.3723803,5.8763995,1
263.07_0.784,DHA,Combined,7.227917,7.2595167,1
263.07_0.784,NaOH,Isolation,7.601301,7.372222,1
263.07_0.784,formaldehyde,Combined,7.992052,6.741342,1
263.07_0.784,glycolaldehyde,Combined,7.521857,7.4544253,1
264.03_0.609,DHA,Combined,0.46001324,1.3861977,4
264.03_0.609,DHA,Isolation,-0.064679444,5.341321,6
264.03_0.609,NaOH,Isolation,1.8497739,1.4730742,4
264.03_0.609,formaldehyde,Combined,1.1852794,1.5771236,4
264.03_0.609,formaldehyde,Isolation,0.41859183,6.069762,6
264.03_0.609,glycolaldehyde,Combined,1.7060703,1.2998683,4
264.03_0.644,DHA,Combined,1.8238277,1.6330111,4
264.03_0.644,NaOH,Isolation,2.0356293,1.7701504,4
264.03_0.644,formaldehyde,Combined,1.2711426,1.5935932,4
264.03_0.644,formaldehyde,Isolation,0.26373392,5.9979243,6
264.03_0.644,glycolaldehyde,Combined,1.9019315,1.720464,4
264.03_0.745,DHA,Combined,6.755949,5.968176,1
264.03_0.745,NaOH,Isolation,6.6722784,5.846299,1
264.03_0.745,formaldehyde,Combined,7.1749706,6.690748,1
264.03_0.745,glycolaldehyde,Combined,6.820203,5.89936,1
264.05_0.617,DHA,Combined,0.47854462,1.4264786,4
264.05_0.617,NaOH,Isolation,1.602915,1.53042,4
264.05_0.617,formaldehyde,Combined,1.1586877,1.4532378,4
264.05_0.617,glycolaldehyde,Combined,1.0849254,1.2453756,4
264.05_0.632,DHA,Combined,1.0249909,0.53994584,4
264.05_0.632,NaOH,Isolation,1.1707087,1.3341848,4
264.05_0.632,formaldehyde,Combined,1.0430368,1.2699124,4
264.05_0.632,glycolaldehyde,Combined,0.9732331,1.1443431,4
264.05_0.767,DHA,Combined,7.13017,7.408196,1
264.05_0.767,NaOH,Isolation,7.5892177,7.338099,1
264.05_0.767,formaldehyde,Combined,7.9362946,6.8833394,1
264.05_0.767,glycolaldehyde,Combined,7.3355017,7.343399,1
275.07_0.63,DHA,Combined,-0.13437359,-1.2270671,2
275.07_0.63,DHA,Isolation,1.0287412,9.774734,5
275.07_0.63,NaOH,Isolation,-0.012591786,-1.4385347,2
275.07_0.63,formaldehyde,Combined,0.19257887,-0.62124246,2
275.07_0.63,formaldehyde,Isolation,1.136203,7.6645317,5
275.07_0.63,glycolaldehyde,Combined,-0.08557227,-1.2933662,2
275.07_0.665,DHA,Combined,2.4158747,-0.6982007,2
275.07_0.665,DHA,Isolation,0.982574,9.833155,5
275.07_0.665,NaOH,Isolation,0.75080085,-1.2423947,2
275.07_0.665,formaldehyde,Combined,0.96757865,-1.0764354,2
275.07_0.665,glycolaldehyde,Combined,0.8395327,-1.8189667,2
275.07_0.682,DHA,Combined,-0.1596251,-1.2043047,2
275.07_0.682,NaOH,Isolation,-0.050859153,-1.4217577,2
275.07_0.682,formaldehyde,Combined,0.18685298,-0.627454,2
275.07_0.682,glycolaldehyde,Combined,-0.13202904,-1.3320524,2
275.07_0.74,DHA,Combined,2.4081278,-0.6343523,2
275.07_0.74,DHA,Isolation,0.88193226,9.048788,5
275.07_0.74,NaOH,Isolation,1.311381,-1.0485978,2
275.07_0.74,formaldehyde,Combined,2.5867171,-0.9444343,2
275.07_0.74,formaldehyde,Isolation,0.5832563,9.6821375,5
275.07_0.74,glycolaldehyde,Combined,2.0250857,-1.2215521,2
279.04_0.623,DHA,Combined,2.887222,4.143327,3
279.04_0.623,NaOH,Isolation,2.9046001,4.210691,3
279.04_0.623,formaldehyde,Combined,2.7770712,4.3383436,3
279.04_0.623,glycolaldehyde,Combined,2.9681094,4.213741,3
279.04_0.657,DHA,Combined,2.855163,4.041811,3
279.04_0.657,DHA,Isolation,1.0626755,9.6559725,5
279.04_0.657,NaOH,Isolation,2.8296857,4.0813346,3
279.04_0.657,formaldehyde,Combined,2.2853146,4.1699347,3
279.04_0.657,glycolaldehyde,Combined,2.8614,4.054683,3
279.04_0.768,DHA,Combined,6.46228,5.7271595,1
279.04_0.768,NaOH,Isolation,6.6225758,5.518296,1
279.04_0.768,formaldehyde,Combined,7.413929,6.3456235,1
279.04_0.768,glycolaldehyde,Combined,6.6111455,5.573548,1
290.08_0.64,DHA,Combined,2.1124465,-0.8951774,2
290.08_0.64,DHA,Isolation,0.8906222,9.780029,5
290.08_0.64,NaOH,Isolation,0.9479074,-1.9354659,2
290.08_0.64,formaldehyde,Combined,0.91368854,-1.3476976,2
290.08_0.64,glycolaldehyde,Combined,0.8171022,-1.4797989,2
290.08_0.64,glycolaldehyde,Isolation,0.8850721,8.238931,5
290.08_0.691,DHA,Combined,2.1293945,-1.0105319,2
290.08_0.691,NaOH,Isolation,0.8071801,-2.1268303,2
290.08_0.691,formaldehyde,Combined,1.3523746,-2.8717215,2
290.08_0.691,glycolaldehyde,Combined,0.78915644,-1.9526768,2
290.08_0.754,DHA,Combined,1.2363274,0.8555385,4
290.08_0.754,NaOH,Isolation,1.6209993,1.4953506,4
290.08_0.754,formaldehyde,Combined,0.6874708,9.480853,5
294.04_0.632,DHA,Combined,2.9198778,4.1232758,3
294.04_0.632,NaOH,Isolation,2.990676,4.1196623,3
294.04_0.632,formaldehyde,Combined,2.6656537,4.305845,3
294.04_0.632,glycolaldehyde,Combined,3.02653,4.1340103,3
294.04_0.664,DHA,Combined,1.3789377,0.1657217,4
294.04_0.664,DHA,Isolation,0.9686844,9.660204,5
294.04_0.664,NaOH,Isolation,1.0082343,1.3390173,4
294.04_0.664,formaldehyde,Combined,0.953657,1.4607053,4
294.04_0.664,glycolaldehyde,Combined,0.82274383,1.1581374,4
301.05_0.64,DHA,Combined,0.3812779,5.3164935,6
301.05_0.64,NaOH,Isolation,4.055883,4.2202706,3
301.05_0.64,formaldehyde,Combined,3.8496547,4.9192715,3
301.05_0.64,formaldehyde,Isolation,0.8999876,6.3864226,6
301.05_0.64,glycolaldehyde,Combined,4.048114,4.224635,3
301.05_0.744,DHA,Isolation,0.4547689,7.8182817,5
301.05_0.744,glycolaldehyde,Isolation,0.91616493,7.94792,5
301.05_0.778,DHA,Combined,6.0581193,5.114377,1
301.05_0.778,NaOH,Isolation,5.9841895,5.225257,1
301.05_0.778,formaldehyde,Combined,6.3817186,5.1593404,1
301.05_0.778,glycolaldehyde,Combined,6.109688,5.27364,1
301.09_0.65,DHA,Combined,0.6026565,1.5271254,4
301.09_0.65,NaOH,Isolation,1.2990212,1.8139007,4
301.09_0.65,formaldehyde,Combined,1.2973528,1.931649,4
301.09_0.65,glycolaldehyde,Combined,1.2714303,1.829864,4
301.09_0.767,DHA,Combined,6.0206423,5.0214148,1
301.09_0.767,NaOH,Isolation,6.0163403,5.1483703,1
301.09_0.767,formaldehyde,Combined,6.5843635,5.1529455,1
301.09_0.767,glycolaldehyde,Combined,6.2123437,5.1411743,1
309.05_0.644,DHA,Combined,2.1505134,0.72148,4
309.05_0.644,DHA,Isolation,0.6954442,9.397957,5
309.05_0.644,NaOH,Isolation,1.4912943,1.1917237,4
309.05_0.644,formaldehyde,Combined,1.104422,1.4093524,4
309.05_0.644,glycolaldehyde,Combined,1.6040616,1.0004799,4
309.05_0.794,DHA,Combined,6.554049,5.8479667,1
309.05_0.794,NaOH,Isolation,6.9545293,5.8147984,1
309.05_0.794,formaldehyde,Combined,7.5974536,6.390142,1
309.05_0.794,glycolaldehyde,Combined,6.795031,5.829072,1
309.05_0.821,DHA,Combined,4.106759,1.3536245,8
309.05_0.821,NaOH,Isolation,2.057773,1.8188189,4
309.05_0.821,formaldehyde,Combined,3.6629753,-0.364445,8
309.05_0.821,glycolaldehyde,Combined,0.39276183,5.809213,6
316.06_0.646,DHA,Combined,0.3736427,5.2955284,6
316.06_0.646,DHA,Isolation,0.41004273,5.9594555,6
316.06_0.646,NaOH,Isolation,4.0538006,4.210396,3
316.06_0.646,formaldehyde,Combined,3.690427,5.113876,3
316.06_0.646,formaldehyde,Isolation,0.8191545,6.3183722,6
316.06_0.646,glycolaldehyde,Combined,4.096606,4.234541,3
324.05_0.652,DHA,Combined,2.1266875,0.6988421,4
324.05_0.652,DHA,Isolation,0.69611776,9.328839,5
324.05_0.652,NaOH,Isolation,1.5769827,1.084232,4
324.05_0.652,formaldehyde,Combined,1.10659,1.1970605,4
324.05_0.652,formaldehyde,Isolation,0.58188045,6.1958585,6
324.05_0.652,glycolaldehyde,Combined,1.683482,0.69920665,4
324.05_0.803,DHA,Combined,7.0801477,7.3395886,1
324.05_0.803,NaOH,Isolation,7.099247,7.227964,1
324.05_0.803,formaldehyde,Combined,7.893688,6.79976,1
324.05_0.803,glycolaldehyde,Combined,7.2734013,7.156791,1
329.03_0.64,DHA,Combined,6.4583964,5.0443363,1
329.03_0.64,NaOH,Isolation,5.8835664,4.650587,3
329.03_0.64,formaldehyde,Combined,4.297853,4.8952346,3
329.03_0.64,glycolaldehyde,Combined,5.7303476,4.4513144,3
329.03_0.654,DHA,Combined,0.0038763885,5.57716,6
329.03_0.812,DHA,Combined,1.0072117,-2.5692503,2
329.03_0.812,DHA,Isolation,-0.0746004,5.303964,6
329.03_0.812,NaOH,Isolation,1.4189538,-2.0034137,2
329.03_0.812,formaldehyde,Combined,1.5312436,-0.46164122,4
329.03_0.812,glycolaldehyde,Combined,1.1193097,-1.8880496,2
329.03_0.821,DHA,Combined,1.0004765,-2.611683,2
329.03_0.821,NaOH,Isolation,1.6303707,-1.9999748,2
329.03_0.821,formaldehyde,Combined,1.513359,-0.53213996,4
329.03_0.821,glycolaldehyde,Combined,1.1635879,-1.6799157,2
329.03_0.96,DHA,Combined,1.8973811,-3.7856677,2
329.03_0.96,NaOH,Isolation,1.888946,-3.7785347,2
329.03_0.96,formaldehyde,Combined,1.8662635,-3.8095546,2
329.03_0.96,glycolaldehyde,Combined,1.8637904,-3.7929375,2
339.06_0.656,DHA,Combined,1.2916774,-2.8470185,2
339.06_0.656,NaOH,Isolation,1.4530188,-1.9900446,2
339.06_0.656,formaldehyde,Combined,1.1021868,-1.7360438,2
339.06_0.656,formaldehyde,Isolation,0.4266647,6.1606035,6
339.06_0.656,glycolaldehyde,Combined,1.232406,-1.9768423,2
339.06_0.705,DHA,Combined,3.9643748,4.4290495,3
339.06_0.705,NaOH,Isolation,4.2486973,4.4162316,3
339.06_0.705,formaldehyde,Combined,4.33518,4.486081,3
339.06_0.705,formaldehyde,Isolation,0.14097026,5.8522806,6
339.06_0.705,glycolaldehyde,Combined,4.2542987,4.389801,3
339.06_0.8,DHA,Combined,6.4711223,5.73452,1
339.06_0.8,NaOH,Isolation,6.7901397,5.8404975,1
339.06_0.8,formaldehyde,Combined,7.406579,6.416611,1
339.06_0.8,glycolaldehyde,Combined,6.7650623,5.817949,1
339.06_0.812,DHA,Combined,6.313219,5.723512,1
339.06_0.812,NaOH,Isolation,6.6079803,5.7445292,1
339.06_0.812,formaldehyde,Combined,7.400325,6.2919917,1
339.06_0.812,glycolaldehyde,Combined,6.479203,5.706277,1
339.06_0.831,DHA,Combined,4.8261776,3.6127367,3
339.06_0.831,NaOH,Isolation,4.6162224,4.8019624,3
339.06_0.831,formaldehyde,Combined,5.6378355,4.2959914,3
339.06_0.831,glycolaldehyde,Combined,4.584192,4.850803,3
339.06_0.853,DHA,Combined,4.620197,4.398707,3
339.06_0.853,NaOH,Isolation,-0.8777989,7.6864915,7
339.06_0.853,formaldehyde,Combined,3.8496675,-0.17251368,8
339.06_0.874,DHA,Combined,4.811027,4.802809,3
339.06_0.874,formaldehyde,Combined,6.677733,5.082777,1
339.06_0.933,DHA,Combined,0.85368073,8.820111,5
339.06_0.933,NaOH,Isolation,1.9634204,6.332087,6
339.06_0.933,formaldehyde,Combined,0.7850704,6.305108,6
339.06_0.933,glycolaldehyde,Combined,3.9085457,4.338949,3
354.07_0.672,DHA,Combined,2.551745,3.8816085,3
354.07_0.672,NaOH,Isolation,2.5059752,3.9115143,3
354.07_0.672,formaldehyde,Combined,2.223658,4.251335,3
354.07_0.672,formaldehyde,Isolation,0.4053029,6.2713304,6
354.07_0.672,glycolaldehyde,Combined,2.5422,3.9103687,3
354.07_0.716,DHA,Combined,3.0081074,4.3735404,3
354.07_0.716,NaOH,Isolation,2.8856976,4.3363276,3
354.07_0.716,formaldehyde,Combined,7.65674,5.915403,1
354.07_0.716,glycolaldehyde,Combined,2.9120204,4.3358397,3
354.07_0.835,DHA,Combined,6.6400056,5.9295545,1
354.07_0.835,NaOH,Isolation,7.2080946,7.387423,1
354.07_0.835,formaldehyde,Combined,7.965584,6.759089,1
354.07_0.835,glycolaldehyde,Combined,7.3442626,7.190157,1
369.07_0.678,DHA,Combined,2.5834866,3.9109662,3
369.07_0.678,NaOH,Isolation,2.5442104,3.914797,3
369.07_0.678,formaldehyde,Combined,2.2536626,4.2540727,3
369.07_0.678,formaldehyde,Isolation,0.42387208,6.2070737,6
369.07_0.678,glycolaldehyde,Combined,2.598912,3.9445672,3
369.07_0.724,DHA,Combined,3.0882113,4.402286,3
369.07_0.724,DHA,Isolation,1.106188,9.722049,5
369.07_0.724,NaOH,Isolation,2.9083688,4.3001633,3
369.07_0.724,formaldehyde,Combined,7.7020774,5.976335,1
369.07_0.724,glycolaldehyde,Combined,2.8771553,4.2860055,3
369.07_0.845,DHA,Combined,7.315112,5.8550935,1
369.07_0.845,NaOH,Isolation,7.2937484,5.8356857,1
369.07_0.845,formaldehyde,Combined,7.7104425,6.108946,1
369.07_0.845,glycolaldehyde,Combined,7.1946692,5.8100257,1
369.07_0.9,DHA,Combined,5.5901484,5.273693,3
369.07_0.9,formaldehyde,Combined,7.606196,6.436255,1
369.07_0.9,glycolaldehyde,Combined,5.555321,5.00772,3
369.07_0.939,DHA,Combined,3.2354572,4.4424634,3
369.07_0.939,NaOH,Isolation,2.896183,4.3063183,3
369.07_0.939,formaldehyde,Combined,7.64289,6.0545034,1
369.07_0.939,glycolaldehyde,Combined,2.993574,4.6171026,3
369.07_0.958,DHA,Combined,3.1661077,4.4245296,3
369.07_0.958,NaOH,Isolation,3.2517223,4.512571,3
369.07_0.958,formaldehyde,Combined,7.7286015,5.965602,1
369.07_0.958,glycolaldehyde,Combined,2.9233997,4.3520575,3
373.04_0.615,DHA,Combined,3.0023737,4.3860683,3
373.04_0.615,NaOH,Isolation,3.228201,4.52608,3
373.04_0.615,formaldehyde,Combined,0.016735097,5.276525,6
373.04_0.615,glycolaldehyde,Combined,7.4683695,5.999764,1
373.04_0.665,DHA,Combined,2.876531,4.146144,3
373.04_0.665,NaOH,Isolation,2.894288,4.2506585,3
373.04_0.665,formaldehyde,Combined,2.4954515,4.383945,3
373.04_0.665,formaldehyde,Isolation,0.4656648,6.106406,6
373.04_0.665,glycolaldehyde,Combined,2.936262,4.2448034,3
373.04_0.704,DHA,Combined,0.59674436,1.3419756,4
373.04_0.704,NaOH,Isolation,1.2547858,1.7970285,4
373.04_0.704,formaldehyde,Combined,0.9904597,6.0078506,6
373.04_0.704,glycolaldehyde,Combined,1.2432002,1.888708,4
373.04_0.855,DHA,Combined,0.72931546,6.300128,6
373.04_0.855,formaldehyde,Combined,0.9205033,7.987942,5
373.04_0.855,glycolaldehyde,Combined,0.62356204,6.194282,6
375.04_0.675,DHA,Combined,1.18304,-2.7791274,2
375.04_0.675,NaOH,Isolation,1.3919095,-2.919806,2
375.04_0.675,formaldehyde,Combined,1.0803473,-1.9875247,2
375.04_0.675,formaldehyde,Isolation,0.44281664,6.1639624,6
375.04_0.675,glycolaldehyde,Combined,1.3682321,-2.8835652,2
375.04_0.861,DHA,Combined,1.3593112,-2.9286592,2
375.04_0.861,DHA,Isolation,-0.07919044,5.340956,6
375.04_0.861,NaOH,Isolation,1.3093159,-2.9908657,2
375.04_0.861,formaldehyde,Combined,1.5338831,-3.0643573,2
375.04_0.861,glycolaldehyde,Combined,1.2674493,-2.8575835,2
375.04_0.913,DHA,Combined,2.0288665,-3.230413,2
375.04_0.913,NaOH,Isolation,1.9903338,-2.9929178,2
375.04_0.913,formaldehyde,Combined,1.9665409,-3.6426206,2
375.04_0.913,glycolaldehyde,Combined,1.9431303,-3.4780166,2
375.04_0.958,DHA,Combined,1.929743,-3.7373533,2
375.04_0.958,NaOH,Isolation,1.9006515,-3.769029,2
375.04_0.958,formaldehyde,Combined,1.8780744,-3.8017838,2
375.04_0.958,glycolaldehyde,Combined,1.8514512,-3.7927015,2
375.04_0.994,DHA,Combined,1.8629637,-3.796211,2
375.04_0.994,NaOH,Isolation,1.8009174,-3.7294788,2
375.04_0.994,formaldehyde,Combined,1.8348839,-3.7723017,2
375.04_0.994,glycolaldehyde,Combined,1.7225409,-3.6443744,2
384.08_0.687,DHA,Combined,2.5567396,3.8783398,3
384.08_0.687,NaOH,Isolation,2.5287886,3.9179175,3
384.08_0.687,formaldehyde,Combined,2.2409978,4.256998,3
384.08_0.687,formaldehyde,Isolation,0.41926616,6.1820807,6
384.08_0.687,glycolaldehyde,Combined,2.5405612,3.9059951,3
384.08_0.735,DHA,Combined,1.3118585,0.097465046,4
384.08_0.735,formaldehyde,Combined,2.0149543,4.2225056,3
384.08_0.735,glycolaldehyde,Combined,0.11446527,-1.0307647,2
384.08_0.861,DHA,Combined,5.9823565,5.61891,1
384.08_0.861,NaOH,Isolation,5.706316,5.1869717,1
384.08_0.861,formaldehyde,Combined,7.7732153,6.638576,1
384.08_0.861,glycolaldehyde,Combined,6.1890125,5.35116,1
399.08_0.695,DHA,Combined,0.44778556,1.4406956,4
399.08_0.695,NaOH,Isolation,0.51021075,1.4123762,4
399.08_0.695,formaldehyde,Combined,0.7654241,5.4698057,6
399.08_0.695,glycolaldehyde,Combined,0.5568596,1.4548606,4
399.08_0.744,DHA,Combined,1.9640533,-1.4042795,2
399.08_0.744,NaOH,Isolation,1.6476336,-1.2722006,2
399.08_0.744,formaldehyde,Combined,2.1429613,-2.0734806,2
399.08_0.744,glycolaldehyde,Combined,1.3716478,-1.2635926,2
399.08_0.863,DHA,Combined,7.352046,5.884799,1
399.08_0.863,NaOH,Isolation,7.3301992,5.859601,1
399.08_0.863,formaldehyde,Combined,7.7713275,6.049537,1
399.08_0.863,glycolaldehyde,Combined,7.334583,5.8675804,1
399.08_0.908,DHA,Combined,4.361294,0.94236845,8
399.08_0.908,NaOH,Isolation,2.1739783,-2.8337967,2
399.08_0.908,formaldehyde,Combined,2.2096949,-3.1206572,2
399.08_0.908,glycolaldehyde,Combined,2.0348425,-3.0743163,2
399.08_0.963,formaldehyde,Combined,8.212588,7.1617627,1
399.08_0.996,formaldehyde,Combined,8.214217,7.1465025,1
405.05_0.695,formaldehyde,Isolation,0.46345052,6.1075006,6
405.05_0.724,DHA,Combined,1.1547647,-1.4558034,2
405.05_0.724,NaOH,Isolation,1.0521958,-1.3560146,2
405.05_0.724,formaldehyde,Combined,0.92631567,-1.391945,2
405.05_0.724,glycolaldehyde,Combined,1.0973637,-0.78823507,2
405.05_0.887,DHA,Combined,-0.026034664,-1.3995807,2
405.05_0.887,NaOH,Isolation,-0.054157503,-1.4195132,2
405.05_0.887,formaldehyde,Combined,0.15944235,-0.6897994,2
405.05_0.887,glycolaldehyde,Combined,-0.07449046,-1.4069984,2
405.05_0.917,DHA,Combined,4.329185,0.6144699,8
405.05_0.917,NaOH,Isolation,1.9548013,-3.7052467,2
405.05_0.917,formaldehyde,Combined,1.9014807,-3.8139403,2
405.05_0.917,glycolaldehyde,Combined,1.8860699,-3.8072555,2
405.05_0.978,DHA,Combined,2.0621088,-1.0077175,2
405.05_0.978,NaOH,Isolation,1.426916,-3.1269877,2
405.05_0.978,formaldehyde,Combined,1.5534877,-3.4866142,2
405.05_0.978,glycolaldehyde,Combined,1.1128564,-2.803122,2
405.05_0.997,DHA,Combined,0.23497821,-1.6626849,2
405.05_0.997,NaOH,Isolation,1.0932727,-2.8456225,2
405.05_0.997,formaldehyde,Combined,1.2274696,-3.0267584,2
405.05_0.997,glycolaldehyde,Combined,0.06497511,-1.6369206,2
